cityID,cityName,totalIncidents,incidentDates
SY070501,Ehsem,0,
SY070401,Badama,0,
SY070502,Mhambal,0,
SY070402,Darkosh,0,
SY070400,Jisr-Ash-Shugur,0,
SY070302,Salqin,0,
SY070403,Janudiyeh,0,
SY070300,Harim,0,
SY070303,Kafr Takharim,0,
SY070500,Ariha,1,2014-05-11T00:00:00
SY070305,Armanaz,0,
SY070001,Abul Thohur,0,
SY070002,Bennsh,0,
SY070003,Saraqab,0,
SY070005,Maaret Tamsrin,0,
SY070200,Ma'arrat An Nu'man,0,
SY070004,Teftnaz,0,
SY070304,Qourqeena,0,
SY070202,Sanjar,0,
SY070203,Kafr Nobol,0,
SY080200,Quamishli,0,
SY070006,Sarmin,2,2014-05-10T00:59:29+00:00||2014-05-09T21:25:47+00:00
SY080300,Al-Malikeyyeh,0,
SY070205,Heish,0,
SY070201,Khan Shaykun,0,
SY080203,Qahtaniyyeh,0,
SY080201,Tal Hmis,0,
SY080301,Jawadiyah,0,
SY070204,Tamanaah,0,
SY080302,Ya'robiyah,0,
SY080001,Tal Tamer,0,
SY080400,Ras Al Ain,0,
SY080000,Al-Hasakeh,0,
SY080003,Markada,0,
SY080004,Be'r Al-Hulo Al-Wardeyyeh,0,
SY080202,Amuda,2,2014-05-10T13:25:19+00:00||2014-04-27T10:33:28+00:00
SY080005,Areesheh,0,
SY080002,Shadadah,0,
SY080401,Darbasiyah,0,
SY110300,Al-Thawrah,0,
SY110302,Jurneyyeh,0,
SY110200,Tell Abiad,0,
SY110201,Suluk,0,
SY110202,Ein Issa,0,
SY110101,Sabka,0,
SY110100,Ar-Raqqa,0,
SY110103,Maadan,0,
SY130301,Shaqa,0,
SY110102,Karama,2,2014-05-10T15:10:45+00:00||2014-05-08T18:06:31+00:00
SY130302,Ariqa,0,
SY130303,Little Sura,0,
SY080006,Hole,13,2014-05-11T14:19:17+00:00||2014-05-10T12:28:29+00:00||2014-05-10T01:39:49+00:00||2014-05-09T09:00:00+00:00||2014-05-09T00:00:00||2014-05-09T00:00:00||2014-05-06T00:00:00||2014-05-06T00:00:00||2014-05-06T00:00:00||2014-04-27T00:00:00||2014-04-27T00:00:00||2014-04-16T06:21:00.000Z||2014-04-01T02:11:00.000Z
SY130200,Salkhad,0,
SY130202,Gharyeh,0,
SY110301,Mansura,1,2014-04-21T16:59:00
SY130201,Qarayya,0,
SY130203,Thibeen,0,
SY130000,As-Sweida,0,
SY130204,Milh,1,2014-05-11T14:47:14+00:00
SY130001,Mazra'a,0,
SY130002,Mashnaf,0,
SY140200,Fiq,0,
SY140001,Khan Arnaba,0,
SY140201,Al-Butayhah,0,
SY070301,Dana,56,2014-05-11T14:21:46+00:00||2014-05-09T00:00:00||2014-05-09T00:00:00||2014-05-09T00:00:00||2014-05-09T00:00:00||2014-05-09T00:00:00||2014-05-09T00:00:00||2014-05-09T00:00:00||2014-05-09T00:00:00||2014-05-09T00:00:00||2014-05-09T00:00:00||2014-05-09T00:00:00||2014-05-09T00:00:00||2014-05-09T00:00:00||2014-05-09T00:00:00||2014-05-09T00:00:00||2014-05-09T00:00:00||2014-05-09T00:00:00||2014-05-09T00:00:00||2014-05-09T00:00:00||2014-05-09T00:00:00||2014-05-09T00:00:00||2014-05-09T00:00:00||2014-05-09T00:00:00||2014-05-09T00:00:00||2014-05-09T00:00:00||2014-05-09T00:00:00||2014-05-09T00:00:00||2014-05-09T00:00:00||2014-05-09T00:00:00||2014-05-09T00:00:00||2014-05-09T00:00:00||2014-05-09T00:00:00||2014-05-09T00:00:00||2014-05-09T00:00:00||2014-05-09T00:00:00||2014-05-09T00:00:00||2014-05-09T00:00:00||2014-05-09T00:00:00||2014-05-09T00:00:00||2014-05-09T00:00:00||2014-05-09T00:00:00||2014-05-09T00:00:00||2014-05-09T00:00:00||2014-05-09T00:00:00||2014-05-09T00:00:00||2014-05-08T06:33:29+00:00||2014-05-08T00:00:00||2014-05-08T00:00:00||2014-05-08T00:00:00||2014-04-22T18:40:43+00:00||2014-04-09T00:00:00||2014-04-09T00:00:00||2014-04-09T00:00:00||2014-04-09T00:00:00||2014-04-07T16:17:46+00:00
SY140002,Al-Khashniyyeh,0,
SY140003,Masaada,0,
SY060303,Kansaba,0,
SY060301,Salanfa,0,
SY060302,Ein Et-teeneh,0,
SY060304,Mzair'a,0,
SY060300,Al-Haffa,0,
SY060402,Fakhura,0,
SY060403,Jobet Berghal,0,
SY060400,Al-Qardaha,0,
SY060200,Jablah,0,
SY060401,Harf Elmseitra,0,
SY060203,Ein Shaqaq,0,
SY060202,Qteilbiyyeh,0,
SY060201,Ein Elshaqiyeh,0,
SY060205,Beit Yashout,0,
SY060204,Dalyeh,0,
SY060002,Rabee'a,0,
SY060001,Bahlawaniyeh,0,
SY060003,Ein El-Bayda,0,
SY130300,Shahba,41,2014-05-11T21:32:48+00:00||2014-05-11T21:11:21+00:00||2014-05-11T21:10:59+00:00||2014-05-11T21:10:20+00:00||2014-05-11T19:37:57+00:00||2014-05-11T19:35:20+00:00||2014-05-11T18:37:30+00:00||2014-05-11T18:37:03+00:00||2014-05-11T18:36:45+00:00||2014-05-11T18:36:19+00:00||2014-05-11T18:35:44+00:00||2014-05-11T10:43:40+00:00||2014-05-11T10:42:21+00:00||2014-05-09T14:40:02+00:00||2014-05-08T08:40:11+00:00||2014-05-04T08:38:35+00:00||2014-04-30T22:30:52+00:00||2014-04-30T19:57:26+00:00||2014-04-30T19:51:36+00:00||2014-04-30T19:15:40+00:00||2014-04-30T19:14:35+00:00||2014-04-30T19:04:33+00:00||2014-04-30T18:50:17+00:00||2014-04-30T18:34:39+00:00||2014-04-30T17:41:06+00:00||2014-04-30T16:49:13+00:00||2014-04-30T16:00:18+00:00||2014-04-30T13:18:46+00:00||2014-04-30T13:15:17+00:00||2014-04-30T13:10:53+00:00||2014-04-30T13:08:51+00:00||2014-04-30T13:04:06+00:00||2014-04-30T13:00:16+00:00||2014-04-30T12:22:29+00:00||2014-04-30T12:01:54+00:00||2014-04-30T11:49:58+00:00||2014-04-30T11:46:31+00:00||2014-04-30T11:43:29+00:00||2014-04-30T11:39:34+00:00||2014-04-30T11:16:33+00:00||2014-04-30T10:10:35+00:00
SY060005,Kiseb,0,
SY060006,Hanadi,0,
SY060004,Qastal Maaf,0,
SY020402,Tall Refaat,0,
SY020405,Suran,1,2014-04-06T15:50:33+00:00
SY020404,Nabul,0,
SY020401,Aghtrin,0,
SY020203,Ar-Ra'ee,0,
SY020206,A'rima,0,
SY020400,A'zaz,3,2014-05-06T07:14:35+00:00||2014-05-05T17:01:15+00:00||2014-05-05T16:47:32+00:00
SY020201,Tadaf,0,
SY020200,Al Bab,0,
SY020205,Rasm Haram El-Imam,0,
SY020202,Dayr Hafir,0,
SY020204,Eastern Kwaires,0,
SY020700,As-Safira,0,
SY020702,Banan,1,2014-05-09T10:28:37+00:00
SY020701,Khanaser,0,
SY020703,Hajeb,0,
SY020002,Tall Ed-daman,0,
SY020006,Hadher,0,
SY020004,Daret Azza,0,
SY020005,Zarbah,0,
SY020000,Jebel Saman,0,
SY020801,Ghandorah,0,
SY020800,Jarablus,2,2014-05-08T00:00:00||2014-05-08T00:00:00
SY020306,Ma'btali,0,
SY020301,Bulbul,2,2014-04-27T00:00:00||2014-04-06T01:12:15+00:00
SY020302,Jandairis,0,
SY020305,Sheikh El-Hadid,0,
SY020304,Sharan,0,
SY020403,Mare',20,2014-05-11T23:10:23+00:00||2014-05-11T15:44:53+00:00||2014-05-11T11:00:00+00:00||2014-05-10T20:38:27+00:00||2014-05-09T17:14:56+00:00||2014-05-09T16:26:31+00:00||2014-05-09T00:00:00||2014-05-03T18:21:36+00:00||2014-05-02T22:00:00.000Z||2014-05-02T20:40:18+00:00||2014-05-01T22:05:00.000Z||2014-04-30T13:46:00.000Z||2014-04-27T17:30:00.000Z||2014-04-27T13:01:00.000Z||2014-04-27T01:09:30+00:00||2014-04-27T00:12:00.000Z||2014-04-26T09:03:00||2014-04-22T15:00:00.000Z||2014-04-16T10:10:00.000Z||2014-04-16T01:58:00.000Z
SY020601,Lower Shyookh,0,
SY020600,Ain al Arab,0,
SY020303,Raju,7,2014-05-09T00:00:00||2014-05-09T00:00:00||2014-05-09T00:00:00||2014-04-27T00:00:00||2014-04-27T00:00:00||2014-04-27T00:00:00||2014-04-27T00:00:00
SY020500,Menbij,0,
SY020501,Abu Qalqal,0,
SY020502,Al-Khafsa,0,
SY020602,Sarin,4,2014-05-10T18:17:45+00:00||2014-05-08T08:33:54+00:00||2014-05-07T21:21:07+00:00||2014-04-13T21:41:04+00:00
SY020503,Maskana,0,
SY020003,Haritan,17,2014-05-11T23:05:00+00:00||2014-05-11T21:47:17+00:00||2014-05-11T21:46:02+00:00||2014-05-11T21:12:52+00:00||2014-05-11T21:04:54+00:00||2014-05-11T08:37:31+00:00||2014-05-11T07:46:14+00:00||2014-05-11T07:38:51+00:00||2014-05-11T06:30:00+00:00||2014-05-11T06:08:28+00:00||2014-05-11T06:07:39+00:00||2014-05-11T06:02:27+00:00||2014-05-11T06:00:01+00:00||2014-05-10T15:47:44+00:00||2014-05-08T22:27:19+00:00||2014-05-08T20:24:34+00:00||2014-05-08T18:06:01+00:00
SY050200,As-Suqaylabiyah,0,
SY050201,Tell Salhib,0,
SY020300,Afrin,11,2014-05-10T19:41:26+00:00||2014-05-07T10:44:55+00:00||2014-05-07T04:10:19+00:00||2014-05-07T03:10:14+00:00||2014-05-06T23:19:29+00:00||2014-05-06T22:11:08+00:00||2014-05-06T21:35:10+00:00||2014-05-06T15:34:31+00:00||2014-05-06T13:13:11+00:00||2014-05-04T11:49:43+00:00||2014-04-25T17:52:54+00:00
SY050202,Ziyara,0,
SY050204,Madiq Castle,0,
SY050203,Shat-ha,1,2014-05-11T13:38:33+00:00
SY050300,As-Salamiyeh,0,
SY020001,Atareb,17,2014-05-12T01:55:34+00:00||2014-05-11T23:27:27+00:00||2014-05-11T15:17:02+00:00||2014-05-11T00:41:18+00:00||2014-05-10T15:14:38+00:00||2014-05-08T17:15:41+00:00||2014-05-02T19:31:12+00:00||2014-04-28T03:07:00.000Z||2014-04-27T12:10:33+00:00||2014-04-27T00:00:00||2014-04-24T19:58:23+00:00||2014-04-24T16:20:04+00:00||2014-04-24T13:25:44+00:00||2014-04-24T12:43:17+00:00||2014-04-20T04:49:47+00:00||2014-04-08T14:44:51+00:00||2014-04-01T16:31:27+00:00
SY050301,Eastern Bari,0,
SY050302,As-Saan,0,
SY050304,Oqeirbat,0,
SY050500,Muhradah,0,
SY050501,Kafr Zeita,1,2014-04-18T01:45:29+00:00
SY070000,Idleb,50,2014-05-12T06:17:29+00:00||2014-05-12T05:57:24+00:00||2014-05-12T01:55:34+00:00||2014-05-11T23:27:27+00:00||2014-05-11T23:15:01+00:00||2014-05-11T17:19:55+00:00||2014-05-11T15:17:02+00:00||2014-05-11T08:08:43+00:00||2014-05-11T07:19:38+00:00||2014-05-11T00:41:18+00:00||2014-05-10T23:30:00+00:00||2014-05-10T16:42:41+00:00||2014-05-10T15:14:38+00:00||2014-05-10T03:00:00+00:00||2014-05-10T00:59:29+00:00||2014-05-10T00:05:00+00:00||2014-05-09T21:25:47+00:00||2014-05-09T20:18:59+00:00||2014-05-09T19:39:17+00:00||2014-05-09T18:48:58+00:00||2014-05-09T14:58:47+00:00||2014-05-09T14:20:57+00:00||2014-05-09T12:26:50+00:00||2014-05-08T19:29:30+00:00||2014-05-07T17:47:52+00:00||2014-05-07T14:39:53+00:00||2014-05-07T13:15:48+00:00||2014-05-07T12:24:02+00:00||2014-05-07T11:00:00+00:00||2014-05-06T16:36:29+00:00||2014-05-06T09:57:49+00:00||2014-05-05T20:53:12+00:00||2014-05-05T10:38:18+00:00||2014-05-04T17:49:07+00:00||2014-05-02T19:31:12+00:00||2014-05-02T17:17:00||2014-04-30T19:04:33+00:00||2014-04-30T17:41:06+00:00||2014-04-30T16:49:13+00:00||2014-04-30T10:10:35+00:00||2014-04-23T08:44:00||2014-04-21T16:59:00||2014-04-21T09:57:00||2014-04-18T08:46:00||2014-04-17T11:08:00||2014-04-14T14:31:00||2014-04-14T08:57:00||2014-04-11T20:03:00+00:00||2014-04-09T10:26:46+00:00||2014-04-03T13:21:54+00:00
SY050102,Harbanifse,0,
SY050101,Suran,1,2014-04-06T15:50:33+00:00
SY050401,Jeb Ramleh,0,
SY050402,Oj,0,
SY050502,Karnaz,1,2014-05-02T08:48:00
SY050403,Ein Halaqim,0,
SY040400,Ar-Rastan,0,
SY040200,Al Quasir,0,
SY040600,Al Makhrim,0,
SY050404,Wadi El-oyoun,0,
SY040601,Jeb Ej-Jarrah,0,
SY040500,Tadmor,0,
SY040300,Tall Kalakh,0,
SY040301,Hadideh,0,
SY040501,Sokhneh,0,
SY040401,Talbiseh,2,2014-05-04T17:49:07+00:00||2014-04-04T11:31:00
SY040303,Nasra,1,2014-05-09T22:45:45+00:00
SY040101,Taldu,0,
SY050400,Masyaf,10,2014-05-11T20:06:34+00:00||2014-05-11T12:21:30+00:00||2014-05-10T10:02:24+00:00||2014-05-10T09:12:13+00:00||2014-05-10T06:40:11+00:00||2014-05-07T17:20:15+00:00||2014-05-07T14:59:42+00:00||2014-05-07T11:08:29+00:00||2014-05-05T17:31:41+00:00||2014-05-04T13:18:23+00:00
SY040102,Kherbet Tin Noor,0,
SY040103,Ein Elniser,0,
SY040104,Farqalas,0,
SY040107,Mahin,0,
SY040106,Qaryatein,0,
SY040105,Raqama,0,
SY040109,Sadad,0,
SY140000,Quneitra,122,2014-05-12T05:07:46+00:00||2014-05-12T05:00:56+00:00||2014-05-11T21:32:28+00:00||2014-05-11T20:06:20+00:00||2014-05-11T18:56:04+00:00||2014-05-11T18:40:10+00:00||2014-05-11T17:37:49+00:00||2014-05-11T15:43:59+00:00||2014-05-11T14:49:12+00:00||2014-05-11T14:18:05+00:00||2014-05-11T12:39:26+00:00||2014-05-11T12:21:26+00:00||2014-05-11T12:18:34+00:00||2014-05-11T12:14:07+00:00||2014-05-11T11:32:27+00:00||2014-05-11T11:20:14+00:00||2014-05-11T09:25:09+00:00||2014-05-11T09:08:35+00:00||2014-05-11T08:29:05+00:00||2014-05-11T07:37:08+00:00||2014-05-11T07:19:58+00:00||2014-05-11T07:13:48+00:00||2014-05-11T06:32:28+00:00||2014-05-11T06:28:33+00:00||2014-05-11T06:12:55+00:00||2014-05-11T05:56:19+00:00||2014-05-11T04:00:00+00:00||2014-05-11T03:40:44+00:00||2014-05-11T03:06:21+00:00||2014-05-11T02:57:20+00:00||2014-05-11T00:07:49+00:00||2014-05-11T00:00:00||2014-05-11T00:00:00||2014-05-10T23:43:12+00:00||2014-05-10T22:09:12+00:00||2014-05-10T21:49:44+00:00||2014-05-10T21:42:24+00:00||2014-05-10T21:05:40+00:00||2014-05-10T21:00:31+00:00||2014-05-10T19:56:48+00:00||2014-05-10T19:37:43+00:00||2014-05-10T19:21:38+00:00||2014-05-10T17:20:01+00:00||2014-05-10T16:57:51+00:00||2014-05-10T14:08:20+00:00||2014-05-10T12:01:55+00:00||2014-05-10T11:10:42+00:00||2014-05-10T07:51:05+00:00||2014-05-10T03:20:00+00:00||2014-05-10T03:10:00+00:00||2014-05-10T03:00:00+00:00||2014-05-10T02:50:01+00:00||2014-05-10T02:19:50+00:00||2014-05-10T02:02:36+00:00||2014-05-10T00:59:29+00:00||2014-05-09T23:34:11+00:00||2014-05-09T23:25:28+00:00||2014-05-09T23:24:53+00:00||2014-05-09T22:45:45+00:00||2014-05-09T21:38:06+00:00||2014-05-09T21:25:47+00:00||2014-05-09T20:56:47+00:00||2014-05-09T15:37:41+00:00||2014-05-09T15:37:09+00:00||2014-05-09T15:35:11+00:00||2014-05-09T14:58:28+00:00||2014-05-09T13:41:51+00:00||2014-05-09T13:40:25+00:00||2014-05-09T13:35:54+00:00||2014-05-09T13:34:07+00:00||2014-05-09T12:56:19+00:00||2014-05-09T12:23:58+00:00||2014-05-09T12:06:04+00:00||2014-05-09T11:45:47+00:00||2014-05-09T11:40:07+00:00||2014-05-09T11:17:06+00:00||2014-05-09T11:02:15+00:00||2014-05-09T10:58:51+00:00||2014-05-09T10:19:41+00:00||2014-05-09T08:41:14+00:00||2014-05-09T08:38:05+00:00||2014-05-09T08:17:31+00:00||2014-05-09T07:26:18+00:00||2014-05-09T07:23:25+00:00||2014-05-09T00:00:00||2014-05-09T00:00:00||2014-05-09T00:00:00||2014-05-09T00:00:00||2014-05-09T00:00:00||2014-05-09T00:00:00||2014-05-09T00:00:00||2014-05-09T00:00:00||2014-05-08T20:22:05+00:00||2014-05-08T17:18:02+00:00||2014-05-08T08:03:44+00:00||2014-05-08T07:58:59+00:00||2014-05-08T07:21:37+00:00||2014-05-08T05:14:11+00:00||2014-05-08T00:00:00||2014-05-08T00:00:00||2014-05-06T18:51:26+00:00||2014-05-06T07:40:00+00:00||2014-05-03T14:04:59+00:00||2014-05-01T10:17:01+00:00||2014-04-30T14:07:56+00:00||2014-04-29T17:49:46+00:00||2014-04-27T05:41:42+00:00||2014-04-25T23:25:18+00:00||2014-04-25T11:00:21+00:00||2014-04-24T12:53:55+00:00||2014-04-24T11:46:15+00:00||2014-04-23T21:37:06+00:00||2014-04-15T13:35:00||2014-04-13T18:01:09+00:00||2014-04-10T21:06:36+00:00||2014-04-10T07:50:11+00:00||2014-04-10T07:31:37+00:00||2014-04-09T21:29:43+00:00||2014-04-08T13:53:50+00:00||2014-04-08T07:26:09+00:00||2014-04-07T14:59:34+00:00||2014-04-05T16:16:41+00:00
SY040110,Qabu,0,
SY040108,Hasyaa,0,
SY040304,Hawash,10,2014-05-11T10:05:36+00:00||2014-05-11T08:29:43+00:00||2014-05-09T21:02:09+00:00||2014-05-09T17:03:32+00:00||2014-05-09T16:59:35+00:00||2014-05-09T15:18:47+00:00||2014-05-09T13:53:03+00:00||2014-05-09T11:02:15+00:00||2014-05-09T10:40:11+00:00||2014-05-09T10:19:41+00:00
SY120300,Izra',0,
SY120302,Hrak,0,
SY120304,Sheikh Miskine,0,
SY120305,Tassil,0,
SY120200,As-Sanamayn,0,
SY120301,Jasim,5,2014-05-09T00:00:00||2014-05-08T19:42:54+00:00||2014-05-08T09:02:22+00:00||2014-05-08T07:57:16+00:00||2014-05-05T20:53:12+00:00
SY120201,Masmiyyeh,0,
SY120000,Dar'a,0,
SY120002,Kherbet Ghazala,0,
SY120003,Ash-Shajara,0,
SY120001,Busra Esh-Sham,0,
SY120004,Da'el,0,
SY120005,Mzeireb,0,
SY120006,Jizeh,0,
SY120202,Ghabagheb,4,2014-05-11T23:36:10+00:00||2014-05-10T20:28:11+00:00||2014-05-10T17:44:23+00:00||2014-05-10T00:00:00
SY120007,Mseifra,0,
SY090201,Hajin,0,
SY090203,Susat,0,
SY060000,Lattakia,96,2014-05-12T06:17:29+00:00||2014-05-12T05:37:13+00:00||2014-05-12T04:47:24+00:00||2014-05-12T03:54:10+00:00||2014-05-12T00:16:53+00:00||2014-05-11T22:26:49+00:00||2014-05-11T22:25:00+00:00||2014-05-11T22:22:29+00:00||2014-05-11T22:07:58+00:00||2014-05-11T21:18:42+00:00||2014-05-11T20:57:11+00:00||2014-05-11T20:14:37+00:00||2014-05-11T20:03:30+00:00||2014-05-11T19:58:51+00:00||2014-05-11T18:56:44+00:00||2014-05-11T18:14:50+00:00||2014-05-11T18:14:15+00:00||2014-05-11T17:52:09+00:00||2014-05-11T17:17:15+00:00||2014-05-11T15:40:01+00:00||2014-05-11T15:34:46+00:00||2014-05-11T14:52:34+00:00||2014-05-11T14:49:12+00:00||2014-05-11T13:37:59+00:00||2014-05-11T10:10:07+00:00||2014-05-11T09:35:33+00:00||2014-05-11T09:15:15+00:00||2014-05-11T09:13:52+00:00||2014-05-11T08:25:20+00:00||2014-05-11T00:00:00||2014-05-10T22:31:26+00:00||2014-05-10T20:00:13+00:00||2014-05-10T18:00:01+00:00||2014-05-10T16:52:15+00:00||2014-05-10T16:34:09+00:00||2014-05-10T15:24:37+00:00||2014-05-10T14:19:13+00:00||2014-05-10T13:29:17+00:00||2014-05-10T12:45:54+00:00||2014-05-10T10:54:14+00:00||2014-05-10T10:23:12+00:00||2014-05-10T09:32:21+00:00||2014-05-10T09:25:12+00:00||2014-05-10T09:21:26+00:00||2014-05-10T07:23:01+00:00||2014-05-10T01:00:00+00:00||2014-05-09T23:00:00+00:00||2014-05-09T21:24:01+00:00||2014-05-09T18:26:50+00:00||2014-05-09T18:09:11+00:00||2014-05-09T17:43:19+00:00||2014-05-09T17:26:59+00:00||2014-05-09T13:52:14+00:00||2014-05-09T13:02:09+00:00||2014-05-09T10:48:21+00:00||2014-05-09T10:31:07+00:00||2014-05-08T23:19:38+00:00||2014-05-08T22:35:38+00:00||2014-05-08T12:22:51+00:00||2014-05-08T12:00:00+00:00||2014-05-08T09:11:48+00:00||2014-05-07T22:50:12+00:00||2014-05-07T22:32:03+00:00||2014-05-07T21:23:27+00:00||2014-05-07T14:59:42+00:00||2014-05-07T14:59:15+00:00||2014-05-07T13:42:06+00:00||2014-05-07T11:08:29+00:00||2014-05-07T08:34:30+00:00||2014-05-07T07:43:35+00:00||2014-05-06T18:53:59+00:00||2014-05-05T20:53:12+00:00||2014-05-05T17:31:41+00:00||2014-05-04T04:17:58+00:00||2014-05-02T17:17:00||2014-05-02T02:41:48+00:00||2014-05-01T06:14:04+00:00||2014-04-27T13:55:02+00:00||2014-04-24T09:14:00||2014-04-24T07:20:00+00:00||2014-04-22T08:44:00||2014-04-21T20:26:37+00:00||2014-04-21T15:05:40+00:00||2014-04-19T18:44:06+00:00||2014-04-19T16:23:29+00:00||2014-04-19T09:04:00||2014-04-15T12:23:00||2014-04-14T14:31:00||2014-04-14T08:57:00||2014-04-13T21:41:04+00:00||2014-04-06T07:46:01+00:00||2014-04-05T16:10:08+00:00||2014-04-05T16:09:11+00:00||2014-04-05T16:07:39+00:00||2014-04-02T15:40:41+00:00||2014-04-01T12:38:21+00:00
SY090200,Abu Kamal,0,
SY090300,Al Mayadin,0,
SY090301,Thiban,0,
SY090100,Deir-ez-Zor,0,
SY090101,Kisreh,0,
SY090102,Basira,0,
SY090202,Jalaa,2,2014-05-12T01:53:45+00:00||2014-04-17T18:33:59+00:00
SY090103,Muhasan,0,
SY090104,Tabni,0,
SY090105,Khasham,0,
SY090302,Ashara,5,2014-05-09T20:11:17+00:00||2014-05-09T18:09:05+00:00||2014-05-09T17:54:33+00:00||2014-05-09T00:00:00||2014-05-09T00:00:00
SY030400,At Tall,0,
SY030700,Az-Zabdani,0,
SY030401,Sidnaya,2,2014-05-06T16:58:54+00:00||2014-04-19T20:39:07+00:00
SY120303,Nawa,17,2014-05-12T04:58:17+00:00||2014-05-11T16:39:09+00:00||2014-05-11T08:49:34+00:00||2014-05-10T00:59:29+00:00||2014-05-09T22:31:06+00:00||2014-05-09T21:25:47+00:00||2014-05-09T00:00:00||2014-05-08T23:19:33+00:00||2014-05-08T14:50:41+00:00||2014-05-04T21:23:36+00:00||2014-05-04T17:49:07+00:00||2014-05-02T20:40:18+00:00||2014-04-30T17:34:59+00:00||2014-04-27T18:09:33+00:00||2014-04-27T00:00:00||2014-04-26T20:20:45+00:00||2014-04-26T09:03:00
SY040111,Shin,8,2014-05-11T21:12:25+00:00||2014-05-09T00:00:00||2014-05-09T00:00:00||2014-05-09T00:00:00||2014-05-09T00:00:00||2014-05-09T00:00:00||2014-05-09T00:00:00||2014-04-19T17:54:13+00:00
SY030702,Ein Elfijeh,0,
SY050103,Hamra,47,2014-05-11T23:09:42+00:00||2014-05-11T19:44:29+00:00||2014-05-11T19:37:57+00:00||2014-05-11T19:20:35+00:00||2014-05-11T19:13:47+00:00||2014-05-11T19:10:02+00:00||2014-05-11T16:47:21+00:00||2014-05-11T15:48:07+00:00||2014-05-11T15:44:59+00:00||2014-05-11T15:26:27+00:00||2014-05-11T15:11:36+00:00||2014-05-11T13:50:47+00:00||2014-05-11T12:36:51+00:00||2014-05-10T22:46:45+00:00||2014-05-10T20:27:27+00:00||2014-05-10T18:37:36+00:00||2014-05-10T17:48:45+00:00||2014-05-10T16:47:20+00:00||2014-05-10T15:19:55+00:00||2014-05-10T15:13:39+00:00||2014-05-10T14:31:58+00:00||2014-05-10T14:22:04+00:00||2014-05-10T13:46:23+00:00||2014-05-10T12:50:06+00:00||2014-05-10T11:32:49+00:00||2014-05-10T10:35:48+00:00||2014-05-10T10:27:32+00:00||2014-05-10T10:13:04+00:00||2014-05-10T00:59:29+00:00||2014-05-09T22:04:18+00:00||2014-05-09T21:25:47+00:00||2014-05-09T20:23:38+00:00||2014-05-09T13:57:02+00:00||2014-05-09T12:52:55+00:00||2014-05-09T10:25:20+00:00||2014-05-08T23:19:33+00:00||2014-05-06T20:59:04+00:00||2014-05-06T16:50:11+00:00||2014-05-06T13:16:56+00:00||2014-05-06T13:05:56+00:00||2014-05-06T12:24:56+00:00||2014-05-06T11:41:12+00:00||2014-05-01T08:44:00||2014-04-27T01:09:30+00:00||2014-04-24T19:58:23+00:00||2014-04-21T16:59:00||2014-04-18T08:46:00
SY030704,Sarghaya,0,
SY030300,Al Qutayfah,0,
SY030301,Jirud,0,
SY030302,Ma'loula,0,
SY030701,Dimas,3,2014-05-11T19:30:43+00:00||2014-05-09T00:00:00||2014-05-09T00:00:00
SY030303,Raheiba,0,
SY030600,An Nabk,0,
SY030601,Deir Attiyeh,0,
SY030900,Markaz Darayya,0,
SY030901,Sahnaya,0,
SY030902,Hajar Aswad,0,
SY030703,Madaya,4,2014-05-10T20:06:52+00:00||2014-05-10T09:48:56+00:00||2014-05-09T20:38:10+00:00||2014-05-09T12:20:06+00:00
SY030206,Haran Al'awameed,0,
SY030204,Nashabiyeh,0,
SY030202,Sabe Byar,0,
SY030205,Ghizlaniyyeh,0,
SY030802,Sa'sa',0,
SY030801,Bait Jan,0,
SY030203,Dhameer,0,
SY030101,Kisweh,1,2014-05-12T01:40:36+00:00
SY030102,Babella,0,
SY030105,Kafr Batna,0,
SY030800,Qatana,4,2014-05-10T04:00:00+00:00||2014-05-09T16:39:40+00:00||2014-05-07T19:47:19+00:00||2014-05-07T10:00:00+00:00
SY030107,Qudsiya,0,
SY030501,Esal El-Ward,0,
SY100500,Sheikh Badr,0,
SY100502,Qumseyyeh,0,
SY100501,Baramanet Elmashayekh,0,
SY030402,Rankus,15,2014-05-07T17:32:04+00:00||2014-05-04T18:33:12+00:00||2014-04-29T19:53:00||2014-04-25T19:51:00||2014-04-23T08:44:00||2014-04-19T19:55:00||2014-04-13T19:52:00||2014-04-12T19:47:00||2014-04-11T20:18:00||2014-04-10T19:51:00||2014-04-09T15:01:00||2014-04-08T20:10:00||2014-04-07T19:49:00||2014-04-06T20:29:00||2014-04-05T19:51:00
SY100200,Banyas,2,2014-05-09T22:09:06+00:00||2014-05-03T14:09:29+00:00
SY030200,Duma,24,2014-05-11T16:31:10+00:00||2014-05-11T02:57:01+00:00||2014-05-10T15:56:45+00:00||2014-05-10T13:00:01+00:00||2014-05-09T23:27:22+00:00||2014-05-09T22:31:06+00:00||2014-05-09T20:23:38+00:00||2014-05-09T16:03:30+00:00||2014-05-09T11:36:46+00:00||2014-05-09T09:31:32+00:00||2014-05-09T00:00:00||2014-05-09T00:00:00||2014-05-08T22:23:22+00:00||2014-05-08T19:50:24+00:00||2014-05-08T19:36:08+00:00||2014-05-08T19:33:14+00:00||2014-05-06T20:59:04+00:00||2014-04-30T20:14:00||2014-04-29T17:34:00+00:00||2014-04-24T18:52:25+00:00||2014-04-23T22:00:20+00:00||2014-04-23T17:10:20+00:00||2014-04-04T10:34:11+00:00||2014-04-03T14:28:00
SY100202,Anaza,0,
SY100205,Tawahin,0,
SY030106,Arbin,14,2014-05-11T22:20:28+00:00||2014-05-11T21:57:00+00:00||2014-05-11T21:56:11+00:00||2014-05-11T19:23:27+00:00||2014-05-11T17:56:47+00:00||2014-05-11T17:55:57+00:00||2014-05-11T17:55:27+00:00||2014-05-11T17:11:00+00:00||2014-05-11T12:21:30+00:00||2014-05-11T09:37:48+00:00||2014-05-11T05:43:46+00:00||2014-05-10T11:09:06+00:00||2014-05-04T18:32:38+00:00||2014-04-28T16:44:43+00:00
SY030500,Yabroud,7,2014-05-09T20:38:10+00:00||2014-05-08T20:26:28+00:00||2014-04-27T11:03:17+00:00||2014-04-27T00:00:00||2014-04-27T00:00:00||2014-04-27T00:00:00||2014-04-26T19:40:39+00:00
SY100206,Taleen,0,
SY100204,Hamam Wasil,0,
SY100400,Dreikish,2,2014-05-11T12:21:30+00:00||2014-05-10T06:40:11+00:00
SY100201,Rawda,1,2014-05-08T22:00:44+00:00
SY100401,Jneinet Raslan,0,
SY100403,Dweir Raslan,0,
SY100402,Hamin,0,
SY100302,Bariqiyeh,0,
SY100303,Sibbeh,0,
SY100301,Mashta Elhiu,0,
SY100304,Sisniyyeh,0,
SY100305,Ras El-Khashufeh,0,
SY100002,Hameidiyyeh,0,
SY100003,Kherbet Elma'aza,0,
SY100203,Qadmous,3,2014-05-11T22:26:49+00:00||2014-05-11T14:50:22+00:00||2014-05-10T10:02:24+00:00
SY100004,Soda Khawabi,0,
SY100005,Kareemeh,0,
SY100001,Arwad,1,2014-04-02T15:40:41+00:00
SY100006,Safsafa,1,2014-05-09T19:54:49+00:00
SY050303,Saboura,0,
SY030103,Jaramana,33,2014-05-12T01:55:34+00:00||2014-05-11T23:16:44+00:00||2014-05-11T19:20:01+00:00||2014-05-11T18:16:51+00:00||2014-05-11T14:49:35+00:00||2014-05-11T13:36:27+00:00||2014-05-11T13:18:34+00:00||2014-05-11T12:21:30+00:00||2014-05-10T19:24:53+00:00||2014-05-10T18:20:02+00:00||2014-05-10T15:32:36+00:00||2014-05-10T06:40:11+00:00||2014-05-09T16:24:48+00:00||2014-05-09T15:04:38+00:00||2014-05-08T16:25:29+00:00||2014-05-07T10:12:20+00:00||2014-05-05T09:55:30+00:00||2014-05-04T13:18:23+00:00||2014-05-03T14:57:16+00:00||2014-05-03T12:48:07+00:00||2014-05-02T08:48:00||2014-05-01T21:35:32+00:00||2014-05-01T20:16:00||2014-05-01T16:57:00||2014-05-01T16:45:19+00:00||2014-04-26T09:03:00||2014-04-24T09:14:00||2014-04-19T09:04:00||2014-04-15T12:23:00||2014-04-14T20:04:00||2014-04-08T20:10:00||2014-04-07T19:49:00||2014-04-06T15:50:02+00:00
SY100300,Safita,7,2014-05-11T12:21:30+00:00||2014-05-11T05:24:53+00:00||2014-05-10T16:25:54+00:00||2014-05-10T06:40:11+00:00||2014-05-07T22:32:03+00:00||2014-05-05T17:31:41+00:00||2014-05-04T13:18:23+00:00
SY030201,Harasta,31,2014-05-11T22:43:17+00:00||2014-05-11T09:29:55+00:00||2014-05-10T16:00:16+00:00||2014-05-10T15:08:50+00:00||2014-05-10T01:04:43+00:00||2014-05-10T00:59:29+00:00||2014-05-09T21:57:06+00:00||2014-05-09T21:25:47+00:00||2014-05-08T23:19:33+00:00||2014-05-08T05:20:31+00:00||2014-05-07T17:45:39+00:00||2014-05-07T17:27:36+00:00||2014-05-07T17:21:58+00:00||2014-05-04T17:49:07+00:00||2014-04-30T11:49:00||2014-04-21T16:59:00||2014-04-19T09:04:00||2014-04-18T01:45:29+00:00||2014-04-17T19:54:00||2014-04-17T11:08:00||2014-04-17T10:38:39+00:00||2014-04-16T20:03:00||2014-04-14T20:04:00||2014-04-13T19:52:00||2014-04-11T20:18:00||2014-04-11T15:58:00||2014-04-11T15:17:10+00:00||2014-04-11T15:06:26+00:00||2014-04-11T14:41:16+00:00||2014-04-08T23:42:07+00:00||2014-04-07T14:47:34+00:00
SY100000,Tartous,45,2014-05-12T01:40:36+00:00||2014-05-11T22:26:49+00:00||2014-05-11T18:10:51+00:00||2014-05-11T17:37:54+00:00||2014-05-11T17:25:24+00:00||2014-05-11T17:03:41+00:00||2014-05-11T17:02:16+00:00||2014-05-11T14:50:22+00:00||2014-05-11T14:49:12+00:00||2014-05-11T12:21:30+00:00||2014-05-11T08:00:00+00:00||2014-05-11T05:58:41+00:00||2014-05-10T19:56:48+00:00||2014-05-10T10:09:00+00:00||2014-05-10T10:02:24+00:00||2014-05-09T23:00:00+00:00||2014-05-09T22:15:00+00:00||2014-05-09T19:14:25+00:00||2014-05-09T18:47:31+00:00||2014-05-09T18:33:11+00:00||2014-05-09T18:28:13+00:00||2014-05-09T17:28:46+00:00||2014-05-09T17:27:25+00:00||2014-05-09T17:11:32+00:00||2014-05-09T16:16:57+00:00||2014-05-09T00:00:00||2014-05-09T00:00:00||2014-05-08T18:57:02+00:00||2014-05-08T17:13:39+00:00||2014-05-08T16:20:40+00:00||2014-05-08T15:37:54+00:00||2014-05-08T14:55:16+00:00||2014-05-08T10:34:05+00:00||2014-05-08T09:06:22+00:00||2014-05-08T08:28:33+00:00||2014-05-08T07:43:35+00:00||2014-05-08T07:37:11+00:00||2014-05-08T07:14:13+00:00||2014-05-07T17:20:15+00:00||2014-05-07T14:59:42+00:00||2014-05-07T11:08:29+00:00||2014-05-06T01:20:41+00:00||2014-05-05T17:31:41+00:00||2014-05-04T13:18:23+00:00||2014-04-17T19:10:01+00:00
SY090106,Sur,87,2014-05-11T23:14:07+00:00||2014-05-11T07:46:49+00:00||2014-05-10T21:06:31+00:00||2014-05-10T20:40:53+00:00||2014-05-10T02:57:31+00:00||2014-05-09T23:20:12+00:00||2014-05-09T22:34:48+00:00||2014-05-09T22:01:53+00:00||2014-05-09T21:56:26+00:00||2014-05-09T20:51:10+00:00||2014-05-09T20:43:12+00:00||2014-05-09T19:09:36+00:00||2014-05-09T18:00:00+00:00||2014-05-09T00:00:00||2014-05-09T00:00:00||2014-05-09T00:00:00||2014-05-09T00:00:00||2014-05-09T00:00:00||2014-05-09T00:00:00||2014-05-09T00:00:00||2014-05-09T00:00:00||2014-05-09T00:00:00||2014-05-09T00:00:00||2014-05-09T00:00:00||2014-05-09T00:00:00||2014-05-09T00:00:00||2014-05-09T00:00:00||2014-05-09T00:00:00||2014-05-09T00:00:00||2014-05-09T00:00:00||2014-05-09T00:00:00||2014-05-09T00:00:00||2014-05-09T00:00:00||2014-05-09T00:00:00||2014-05-09T00:00:00||2014-05-09T00:00:00||2014-05-09T00:00:00||2014-05-09T00:00:00||2014-05-09T00:00:00||2014-05-08T21:57:11+00:00||2014-05-08T17:45:27+00:00||2014-05-08T17:30:01+00:00||2014-05-08T15:10:15+00:00||2014-05-08T12:19:33+00:00||2014-05-08T08:19:55+00:00||2014-05-08T00:00:00||2014-05-08T00:00:00||2014-05-07T21:05:22+00:00||2014-05-07T18:44:39+00:00||2014-05-07T11:46:01+00:00||2014-05-07T01:31:57+00:00||2014-05-06T19:42:19+00:00||2014-05-06T00:00:00||2014-05-05T18:44:37+00:00||2014-05-05T14:16:17+00:00||2014-05-04T14:44:27+00:00||2014-05-04T11:57:12+00:00||2014-05-03T23:31:31+00:00||2014-05-03T21:28:46+00:00||2014-05-03T17:38:46+00:00||2014-05-03T15:47:13+00:00||2014-05-03T13:57:54+00:00||2014-05-02T19:00:30+00:00||2014-05-02T16:51:54+00:00||2014-05-01T03:07:36+00:00||2014-04-30T17:34:59+00:00||2014-04-30T17:13:08+00:00||2014-04-29T20:00:00+00:00||2014-04-28T13:57:52+00:00||2014-04-27T00:00:00||2014-04-27T00:00:00||2014-04-27T00:00:00||2014-04-27T00:00:00||2014-04-27T00:00:00||2014-04-25T15:33:06+00:00||2014-04-24T18:31:49+00:00||2014-04-24T13:25:44+00:00||2014-04-23T13:16:00.000Z||2014-04-21T20:30:08+00:00||2014-04-14T23:28:00.000Z||2014-04-13T19:19:56+00:00||2014-04-11T00:00:00.000Z||2014-04-09T00:00:00||2014-04-09T00:00:00||2014-04-09T00:00:00||2014-04-09T00:00:00||2014-04-07T08:32:00.000Z
SY040100,Homs,1051,2014-05-12T06:17:29+00:00||2014-05-12T05:55:43+00:00||2014-05-12T05:00:13+00:00||2014-05-12T04:47:24+00:00||2014-05-12T04:00:01+00:00||2014-05-12T03:54:10+00:00||2014-05-12T03:05:04+00:00||2014-05-12T02:59:18+00:00||2014-05-12T02:45:31+00:00||2014-05-12T02:10:10+00:00||2014-05-12T02:05:51+00:00||2014-05-12T01:45:57+00:00||2014-05-12T01:40:36+00:00||2014-05-12T01:05:47+00:00||2014-05-12T01:04:44+00:00||2014-05-12T00:41:30+00:00||2014-05-12T00:28:45+00:00||2014-05-12T00:18:28+00:00||2014-05-12T00:16:53+00:00||2014-05-12T00:13:08+00:00||2014-05-12T00:02:59+00:00||2014-05-11T23:57:31+00:00||2014-05-11T23:55:10+00:00||2014-05-11T23:43:02+00:00||2014-05-11T23:36:10+00:00||2014-05-11T23:34:23+00:00||2014-05-11T23:30:00+00:00||2014-05-11T23:22:33+00:00||2014-05-11T23:20:20+00:00||2014-05-11T23:14:12+00:00||2014-05-11T23:10:23+00:00||2014-05-11T23:09:42+00:00||2014-05-11T23:07:57+00:00||2014-05-11T22:49:14+00:00||2014-05-11T22:45:00+00:00||2014-05-11T22:41:05+00:00||2014-05-11T22:36:16+00:00||2014-05-11T22:25:00+00:00||2014-05-11T22:22:29+00:00||2014-05-11T22:19:38+00:00||2014-05-11T22:19:06+00:00||2014-05-11T22:09:48+00:00||2014-05-11T22:09:27+00:00||2014-05-11T22:08:09+00:00||2014-05-11T22:07:58+00:00||2014-05-11T22:02:28+00:00||2014-05-11T21:57:00+00:00||2014-05-11T21:56:11+00:00||2014-05-11T21:47:40+00:00||2014-05-11T21:46:45+00:00||2014-05-11T21:33:52+00:00||2014-05-11T21:32:46+00:00||2014-05-11T21:29:50+00:00||2014-05-11T21:20:20+00:00||2014-05-11T21:15:01+00:00||2014-05-11T21:14:31+00:00||2014-05-11T21:00:00+00:00||2014-05-11T20:58:58+00:00||2014-05-11T20:54:18+00:00||2014-05-11T20:03:30+00:00||2014-05-11T19:56:30+00:00||2014-05-11T19:52:58+00:00||2014-05-11T19:52:05+00:00||2014-05-11T19:45:00+00:00||2014-05-11T19:20:56+00:00||2014-05-11T19:20:55+00:00||2014-05-11T19:16:14+00:00||2014-05-11T19:16:09+00:00||2014-05-11T19:13:03+00:00||2014-05-11T19:08:56+00:00||2014-05-11T19:04:37+00:00||2014-05-11T19:01:48+00:00||2014-05-11T18:57:33+00:00||2014-05-11T18:45:46+00:00||2014-05-11T18:43:46+00:00||2014-05-11T18:40:34+00:00||2014-05-11T18:37:30+00:00||2014-05-11T18:32:25+00:00||2014-05-11T18:27:43+00:00||2014-05-11T18:23:54+00:00||2014-05-11T18:22:48+00:00||2014-05-11T18:14:15+00:00||2014-05-11T18:03:45+00:00||2014-05-11T17:56:47+00:00||2014-05-11T17:55:57+00:00||2014-05-11T17:55:27+00:00||2014-05-11T17:52:09+00:00||2014-05-11T17:45:11+00:00||2014-05-11T17:42:49+00:00||2014-05-11T17:42:28+00:00||2014-05-11T17:40:00+00:00||2014-05-11T17:39:38+00:00||2014-05-11T17:38:44+00:00||2014-05-11T17:32:23+00:00||2014-05-11T17:28:52+00:00||2014-05-11T17:21:09+00:00||2014-05-11T16:48:37+00:00||2014-05-11T16:48:29+00:00||2014-05-11T16:47:53+00:00||2014-05-11T16:38:34+00:00||2014-05-11T16:14:09+00:00||2014-05-11T16:06:16+00:00||2014-05-11T16:05:05+00:00||2014-05-11T16:04:13+00:00||2014-05-11T15:56:57+00:00||2014-05-11T15:53:27+00:00||2014-05-11T15:42:57+00:00||2014-05-11T15:20:14+00:00||2014-05-11T14:58:14+00:00||2014-05-11T14:49:14+00:00||2014-05-11T14:48:03+00:00||2014-05-11T14:47:36+00:00||2014-05-11T14:47:14+00:00||2014-05-11T14:30:37+00:00||2014-05-11T14:27:01+00:00||2014-05-11T14:26:15+00:00||2014-05-11T14:21:58+00:00||2014-05-11T14:13:42+00:00||2014-05-11T14:00:39+00:00||2014-05-11T13:54:58+00:00||2014-05-11T13:49:38+00:00||2014-05-11T13:44:17+00:00||2014-05-11T13:33:39+00:00||2014-05-11T13:23:26+00:00||2014-05-11T13:16:12+00:00||2014-05-11T13:00:02+00:00||2014-05-11T12:48:13+00:00||2014-05-11T12:21:30+00:00||2014-05-11T11:30:45+00:00||2014-05-11T10:56:55+00:00||2014-05-11T10:46:43+00:00||2014-05-11T10:44:34+00:00||2014-05-11T10:38:08+00:00||2014-05-11T10:08:41+00:00||2014-05-11T10:04:32+00:00||2014-05-11T10:03:29+00:00||2014-05-11T10:01:48+00:00||2014-05-11T09:56:20+00:00||2014-05-11T09:56:11+00:00||2014-05-11T09:55:25+00:00||2014-05-11T09:53:56+00:00||2014-05-11T09:53:41+00:00||2014-05-11T09:52:09+00:00||2014-05-11T09:40:10+00:00||2014-05-11T09:36:32+00:00||2014-05-11T09:34:38+00:00||2014-05-11T09:31:44+00:00||2014-05-11T09:30:00+00:00||2014-05-11T09:29:51+00:00||2014-05-11T09:24:10+00:00||2014-05-11T09:19:39+00:00||2014-05-11T09:19:14+00:00||2014-05-11T09:18:00+00:00||2014-05-11T09:10:00+00:00||2014-05-11T09:06:32+00:00||2014-05-11T09:00:01+00:00||2014-05-11T09:00:00+00:00||2014-05-11T08:53:05+00:00||2014-05-11T08:49:52+00:00||2014-05-11T08:47:09+00:00||2014-05-11T08:46:50+00:00||2014-05-11T08:45:00+00:00||2014-05-11T08:40:31+00:00||2014-05-11T08:38:11+00:00||2014-05-11T08:38:01+00:00||2014-05-11T08:36:55+00:00||2014-05-11T08:36:17+00:00||2014-05-11T08:36:08+00:00||2014-05-11T08:18:52+00:00||2014-05-11T08:18:42+00:00||2014-05-11T08:18:00+00:00||2014-05-11T08:17:41+00:00||2014-05-11T08:11:19+00:00||2014-05-11T08:11:11+00:00||2014-05-11T08:10:03+00:00||2014-05-11T08:07:51+00:00||2014-05-11T08:05:00+00:00||2014-05-11T08:00:00+00:00||2014-05-11T07:45:33+00:00||2014-05-11T07:43:02+00:00||2014-05-11T07:36:39+00:00||2014-05-11T07:21:16+00:00||2014-05-11T07:20:59+00:00||2014-05-11T07:11:18+00:00||2014-05-11T07:04:53+00:00||2014-05-11T06:45:11+00:00||2014-05-11T06:30:01+00:00||2014-05-11T06:14:57+00:00||2014-05-11T05:58:41+00:00||2014-05-11T05:53:07+00:00||2014-05-11T05:45:01+00:00||2014-05-11T05:25:00+00:00||2014-05-11T05:20:01+00:00||2014-05-11T03:34:38+00:00||2014-05-11T02:56:04+00:00||2014-05-11T02:52:54+00:00||2014-05-11T02:43:35+00:00||2014-05-11T02:40:00+00:00||2014-05-11T02:17:33+00:00||2014-05-11T02:16:16+00:00||2014-05-11T00:58:36+00:00||2014-05-11T00:41:18+00:00||2014-05-11T00:40:34+00:00||2014-05-11T00:24:56+00:00||2014-05-11T00:00:00||2014-05-10T23:43:16+00:00||2014-05-10T23:32:46+00:00||2014-05-10T23:01:05+00:00||2014-05-10T22:45:34+00:00||2014-05-10T22:45:00+00:00||2014-05-10T22:43:55+00:00||2014-05-10T22:42:40+00:00||2014-05-10T22:28:24+00:00||2014-05-10T22:25:55+00:00||2014-05-10T22:22:59+00:00||2014-05-10T22:21:16+00:00||2014-05-10T22:18:58+00:00||2014-05-10T22:17:11+00:00||2014-05-10T22:10:59+00:00||2014-05-10T22:08:40+00:00||2014-05-10T22:05:32+00:00||2014-05-10T22:05:28+00:00||2014-05-10T21:54:43+00:00||2014-05-10T21:43:36+00:00||2014-05-10T21:36:14+00:00||2014-05-10T21:35:20+00:00||2014-05-10T21:30:25+00:00||2014-05-10T21:29:08+00:00||2014-05-10T21:10:46+00:00||2014-05-10T20:56:38+00:00||2014-05-10T20:55:54+00:00||2014-05-10T20:53:41+00:00||2014-05-10T20:50:00+00:00||2014-05-10T20:49:27+00:00||2014-05-10T20:26:43+00:00||2014-05-10T20:25:26+00:00||2014-05-10T20:24:15+00:00||2014-05-10T20:19:53+00:00||2014-05-10T20:11:20+00:00||2014-05-10T20:09:52+00:00||2014-05-10T19:58:33+00:00||2014-05-10T19:57:11+00:00||2014-05-10T19:55:55+00:00||2014-05-10T19:48:17+00:00||2014-05-10T19:38:03+00:00||2014-05-10T19:37:57+00:00||2014-05-10T19:31:43+00:00||2014-05-10T19:24:50+00:00||2014-05-10T19:18:43+00:00||2014-05-10T19:17:04+00:00||2014-05-10T19:09:19+00:00||2014-05-10T18:59:08+00:00||2014-05-10T18:56:29+00:00||2014-05-10T18:54:05+00:00||2014-05-10T18:44:44+00:00||2014-05-10T18:40:31+00:00||2014-05-10T18:38:36+00:00||2014-05-10T18:26:19+00:00||2014-05-10T18:15:09+00:00||2014-05-10T18:13:21+00:00||2014-05-10T18:10:00+00:00||2014-05-10T17:54:46+00:00||2014-05-10T17:50:34+00:00||2014-05-10T17:47:47+00:00||2014-05-10T17:46:02+00:00||2014-05-10T17:45:06+00:00||2014-05-10T17:42:23+00:00||2014-05-10T17:28:25+00:00||2014-05-10T17:14:36+00:00||2014-05-10T17:12:14+00:00||2014-05-10T16:38:04+00:00||2014-05-10T16:36:08+00:00||2014-05-10T16:16:51+00:00||2014-05-10T16:12:26+00:00||2014-05-10T16:09:30+00:00||2014-05-10T16:05:21+00:00||2014-05-10T16:00:01+00:00||2014-05-10T15:22:03+00:00||2014-05-10T15:14:38+00:00||2014-05-10T15:13:10+00:00||2014-05-10T15:06:54+00:00||2014-05-10T15:05:34+00:00||2014-05-10T15:00:01+00:00||2014-05-10T14:58:50+00:00||2014-05-10T14:26:20+00:00||2014-05-10T14:14:01+00:00||2014-05-10T14:00:02+00:00||2014-05-10T13:38:22+00:00||2014-05-10T13:25:02+00:00||2014-05-10T12:56:06+00:00||2014-05-10T12:53:41+00:00||2014-05-10T12:42:29+00:00||2014-05-10T12:31:45+00:00||2014-05-10T12:30:08+00:00||2014-05-10T11:50:06+00:00||2014-05-10T11:49:12+00:00||2014-05-10T11:43:33+00:00||2014-05-10T11:32:49+00:00||2014-05-10T11:25:55+00:00||2014-05-10T11:08:45+00:00||2014-05-10T11:07:18+00:00||2014-05-10T11:01:00+00:00||2014-05-10T11:00:52+00:00||2014-05-10T10:49:05+00:00||2014-05-10T10:43:39+00:00||2014-05-10T10:42:52+00:00||2014-05-10T10:31:01+00:00||2014-05-10T10:22:51+00:00||2014-05-10T09:58:43+00:00||2014-05-10T09:56:44+00:00||2014-05-10T09:53:13+00:00||2014-05-10T09:36:52+00:00||2014-05-10T09:22:20+00:00||2014-05-10T09:20:13+00:00||2014-05-10T09:20:11+00:00||2014-05-10T09:19:20+00:00||2014-05-10T09:14:20+00:00||2014-05-10T09:12:39+00:00||2014-05-10T08:56:16+00:00||2014-05-10T08:28:36+00:00||2014-05-10T08:14:08+00:00||2014-05-10T08:01:49+00:00||2014-05-10T07:54:23+00:00||2014-05-10T07:40:23+00:00||2014-05-10T07:03:11+00:00||2014-05-10T06:52:36+00:00||2014-05-10T06:40:11+00:00||2014-05-10T05:36:30+00:00||2014-05-10T05:00:01+00:00||2014-05-10T03:50:00+00:00||2014-05-10T03:40:01+00:00||2014-05-10T03:39:40+00:00||2014-05-10T03:32:00+00:00||2014-05-10T03:30:00+00:00||2014-05-10T03:00:01+00:00||2014-05-10T02:44:56+00:00||2014-05-10T02:40:00+00:00||2014-05-10T02:31:01+00:00||2014-05-10T02:00:00+00:00||2014-05-10T01:45:01+00:00||2014-05-10T01:30:00+00:00||2014-05-10T01:28:50+00:00||2014-05-10T01:00:01+00:00||2014-05-10T01:00:00+00:00||2014-05-10T01:00:00+00:00||2014-05-10T00:59:29+00:00||2014-05-10T00:55:07+00:00||2014-05-10T00:46:59+00:00||2014-05-10T00:45:00+00:00||2014-05-10T00:43:31+00:00||2014-05-10T00:30:57+00:00||2014-05-10T00:30:00+00:00||2014-05-10T00:29:55+00:00||2014-05-10T00:29:12+00:00||2014-05-10T00:28:18+00:00||2014-05-10T00:27:44+00:00||2014-05-10T00:25:00+00:00||2014-05-10T00:00:01+00:00||2014-05-10T00:00:00||2014-05-10T00:00:00||2014-05-10T00:00:00||2014-05-10T00:00:00||2014-05-10T00:00:00||2014-05-10T00:00:00||2014-05-09T23:26:25+00:00||2014-05-09T23:17:41+00:00||2014-05-09T23:12:41+00:00||2014-05-09T22:53:10+00:00||2014-05-09T22:45:51+00:00||2014-05-09T22:45:01+00:00||2014-05-09T22:44:55+00:00||2014-05-09T22:42:21+00:00||2014-05-09T22:40:09+00:00||2014-05-09T22:40:01+00:00||2014-05-09T22:31:06+00:00||2014-05-09T22:25:03+00:00||2014-05-09T22:24:26+00:00||2014-05-09T22:24:11+00:00||2014-05-09T22:23:39+00:00||2014-05-09T22:14:01+00:00||2014-05-09T21:58:24+00:00||2014-05-09T21:56:26+00:00||2014-05-09T21:50:13+00:00||2014-05-09T21:46:58+00:00||2014-05-09T21:31:19+00:00||2014-05-09T21:25:47+00:00||2014-05-09T21:22:43+00:00||2014-05-09T21:11:40+00:00||2014-05-09T21:02:56+00:00||2014-05-09T21:01:05+00:00||2014-05-09T21:00:01+00:00||2014-05-09T20:57:42+00:00||2014-05-09T20:56:47+00:00||2014-05-09T20:55:39+00:00||2014-05-09T20:52:31+00:00||2014-05-09T20:50:14+00:00||2014-05-09T20:49:27+00:00||2014-05-09T20:33:43+00:00||2014-05-09T20:33:05+00:00||2014-05-09T20:30:46+00:00||2014-05-09T20:23:10+00:00||2014-05-09T20:15:56+00:00||2014-05-09T20:15:01+00:00||2014-05-09T19:59:41+00:00||2014-05-09T19:54:49+00:00||2014-05-09T19:49:06+00:00||2014-05-09T19:39:17+00:00||2014-05-09T19:25:06+00:00||2014-05-09T19:20:37+00:00||2014-05-09T19:11:20+00:00||2014-05-09T19:07:24+00:00||2014-05-09T19:01:20+00:00||2014-05-09T18:58:36+00:00||2014-05-09T18:54:41+00:00||2014-05-09T18:50:28+00:00||2014-05-09T18:48:26+00:00||2014-05-09T18:46:47+00:00||2014-05-09T18:45:01+00:00||2014-05-09T18:41:37+00:00||2014-05-09T18:24:12+00:00||2014-05-09T18:10:44+00:00||2014-05-09T18:00:00+00:00||2014-05-09T17:48:50+00:00||2014-05-09T17:44:58+00:00||2014-05-09T17:28:33+00:00||2014-05-09T17:27:25+00:00||2014-05-09T17:26:45+00:00||2014-05-09T17:20:24+00:00||2014-05-09T17:16:15+00:00||2014-05-09T17:02:46+00:00||2014-05-09T16:56:28+00:00||2014-05-09T16:40:14+00:00||2014-05-09T16:39:29+00:00||2014-05-09T16:23:49+00:00||2014-05-09T16:23:32+00:00||2014-05-09T16:08:19+00:00||2014-05-09T16:06:48+00:00||2014-05-09T15:46:16+00:00||2014-05-09T15:45:07+00:00||2014-05-09T15:44:38+00:00||2014-05-09T15:27:13+00:00||2014-05-09T15:24:29+00:00||2014-05-09T15:24:26+00:00||2014-05-09T15:23:30+00:00||2014-05-09T15:11:03+00:00||2014-05-09T15:07:56+00:00||2014-05-09T15:00:30+00:00||2014-05-09T14:55:28+00:00||2014-05-09T14:53:08+00:00||2014-05-09T14:44:08+00:00||2014-05-09T14:41:56+00:00||2014-05-09T14:37:49+00:00||2014-05-09T14:36:55+00:00||2014-05-09T14:33:03+00:00||2014-05-09T14:24:35+00:00||2014-05-09T14:17:32+00:00||2014-05-09T14:05:41+00:00||2014-05-09T14:03:22+00:00||2014-05-09T14:02:12+00:00||2014-05-09T13:52:14+00:00||2014-05-09T13:51:41+00:00||2014-05-09T13:42:37+00:00||2014-05-09T13:32:36+00:00||2014-05-09T13:27:53+00:00||2014-05-09T13:23:48+00:00||2014-05-09T13:15:55+00:00||2014-05-09T13:10:38+00:00||2014-05-09T13:02:27+00:00||2014-05-09T12:44:20+00:00||2014-05-09T12:41:06+00:00||2014-05-09T12:29:22+00:00||2014-05-09T11:56:35+00:00||2014-05-09T11:52:40+00:00||2014-05-09T11:51:08+00:00||2014-05-09T11:49:53+00:00||2014-05-09T11:49:52+00:00||2014-05-09T11:47:31+00:00||2014-05-09T11:42:54+00:00||2014-05-09T11:42:06+00:00||2014-05-09T11:41:38+00:00||2014-05-09T11:39:26+00:00||2014-05-09T11:35:54+00:00||2014-05-09T11:21:47+00:00||2014-05-09T11:19:44+00:00||2014-05-09T11:15:31+00:00||2014-05-09T11:06:29+00:00||2014-05-09T10:55:54+00:00||2014-05-09T10:55:04+00:00||2014-05-09T10:52:51+00:00||2014-05-09T10:46:37+00:00||2014-05-09T10:31:54+00:00||2014-05-09T10:29:55+00:00||2014-05-09T10:26:08+00:00||2014-05-09T10:25:20+00:00||2014-05-09T10:23:10+00:00||2014-05-09T10:13:34+00:00||2014-05-09T10:09:00+00:00||2014-05-09T10:06:50+00:00||2014-05-09T10:00:32+00:00||2014-05-09T10:00:00+00:00
SY050100,Hama,627,2014-05-12T06:17:29+00:00||2014-05-12T05:59:47+00:00||2014-05-12T05:55:07+00:00||2014-05-12T05:51:06+00:00||2014-05-12T05:44:16+00:00||2014-05-12T04:54:47+00:00||2014-05-12T04:16:28+00:00||2014-05-12T03:56:18+00:00||2014-05-12T02:41:52+00:00||2014-05-12T01:55:34+00:00||2014-05-12T01:40:36+00:00||2014-05-12T01:39:24+00:00||2014-05-12T00:41:30+00:00||2014-05-12T00:33:48+00:00||2014-05-12T00:16:53+00:00||2014-05-12T00:13:08+00:00||2014-05-11T23:57:31+00:00||2014-05-11T23:54:55+00:00||2014-05-11T23:50:00+00:00||2014-05-11T23:41:21+00:00||2014-05-11T23:27:27+00:00||2014-05-11T23:21:40+00:00||2014-05-11T23:16:51+00:00||2014-05-11T23:16:08+00:00||2014-05-11T23:10:23+00:00||2014-05-11T23:09:42+00:00||2014-05-11T23:07:11+00:00||2014-05-11T23:06:24+00:00||2014-05-11T22:55:01+00:00||2014-05-11T22:54:54+00:00||2014-05-11T22:25:00+00:00||2014-05-11T22:22:29+00:00||2014-05-11T22:18:36+00:00||2014-05-11T22:13:32+00:00||2014-05-11T22:09:48+00:00||2014-05-11T22:07:58+00:00||2014-05-11T21:35:38+00:00||2014-05-11T21:33:52+00:00||2014-05-11T21:29:03+00:00||2014-05-11T21:19:08+00:00||2014-05-11T21:17:16+00:00||2014-05-11T21:13:39+00:00||2014-05-11T20:37:40+00:00||2014-05-11T20:27:32+00:00||2014-05-11T20:19:14+00:00||2014-05-11T20:18:43+00:00||2014-05-11T20:07:11+00:00||2014-05-11T20:06:34+00:00||2014-05-11T20:05:34+00:00||2014-05-11T20:04:40+00:00||2014-05-11T20:03:37+00:00||2014-05-11T20:03:30+00:00||2014-05-11T20:02:36+00:00||2014-05-11T19:56:29+00:00||2014-05-11T19:46:46+00:00||2014-05-11T19:43:52+00:00||2014-05-11T19:37:51+00:00||2014-05-11T19:29:03+00:00||2014-05-11T19:28:28+00:00||2014-05-11T19:20:31+00:00||2014-05-11T19:18:25+00:00||2014-05-11T19:18:12+00:00||2014-05-11T19:07:50+00:00||2014-05-11T19:06:55+00:00||2014-05-11T19:04:37+00:00||2014-05-11T18:42:17+00:00||2014-05-11T18:37:10+00:00||2014-05-11T18:36:43+00:00||2014-05-11T18:35:44+00:00||2014-05-11T18:30:08+00:00||2014-05-11T18:30:01+00:00||2014-05-11T18:27:02+00:00||2014-05-11T18:24:39+00:00||2014-05-11T18:14:15+00:00||2014-05-11T18:09:09+00:00||2014-05-11T18:08:24+00:00||2014-05-11T18:07:39+00:00||2014-05-11T18:00:59+00:00||2014-05-11T18:00:50+00:00||2014-05-11T17:55:34+00:00||2014-05-11T17:54:49+00:00||2014-05-11T17:52:09+00:00||2014-05-11T17:52:00+00:00||2014-05-11T17:49:31+00:00||2014-05-11T17:42:08+00:00||2014-05-11T17:31:18+00:00||2014-05-11T17:29:19+00:00||2014-05-11T17:17:39+00:00||2014-05-11T16:54:46+00:00||2014-05-11T16:53:56+00:00||2014-05-11T16:47:21+00:00||2014-05-11T16:45:48+00:00||2014-05-11T16:44:13+00:00||2014-05-11T16:34:59+00:00||2014-05-11T16:34:37+00:00||2014-05-11T16:20:14+00:00||2014-05-11T16:15:12+00:00||2014-05-11T15:56:57+00:00||2014-05-11T15:56:41+00:00||2014-05-11T15:56:15+00:00||2014-05-11T15:55:10+00:00||2014-05-11T15:52:40+00:00||2014-05-11T15:49:04+00:00||2014-05-11T15:48:14+00:00||2014-05-11T15:44:59+00:00||2014-05-11T15:44:25+00:00||2014-05-11T15:43:42+00:00||2014-05-11T15:38:57+00:00||2014-05-11T15:33:58+00:00||2014-05-11T15:29:08+00:00||2014-05-11T15:26:27+00:00||2014-05-11T15:25:58+00:00||2014-05-11T15:23:45+00:00||2014-05-11T15:17:02+00:00||2014-05-11T15:13:28+00:00||2014-05-11T15:11:36+00:00||2014-05-11T14:55:00+00:00||2014-05-11T14:49:12+00:00||2014-05-11T14:47:14+00:00||2014-05-11T14:44:14+00:00||2014-05-11T13:57:44+00:00||2014-05-11T13:50:47+00:00||2014-05-11T13:39:12+00:00||2014-05-11T13:38:33+00:00||2014-05-11T13:32:40+00:00||2014-05-11T12:39:06+00:00||2014-05-11T12:38:38+00:00||2014-05-11T12:36:51+00:00||2014-05-11T12:31:46+00:00||2014-05-11T12:29:50+00:00||2014-05-11T12:21:30+00:00||2014-05-11T12:08:11+00:00||2014-05-11T12:06:30+00:00||2014-05-11T12:04:58+00:00||2014-05-11T11:53:27+00:00||2014-05-11T11:51:24+00:00||2014-05-11T11:19:10+00:00||2014-05-11T11:17:11+00:00||2014-05-11T11:11:14+00:00||2014-05-11T11:06:21+00:00||2014-05-11T11:03:55+00:00||2014-05-11T10:52:02+00:00||2014-05-11T10:49:47+00:00||2014-05-11T10:45:36+00:00||2014-05-11T10:34:12+00:00||2014-05-11T10:18:35+00:00||2014-05-11T10:05:36+00:00||2014-05-11T09:58:39+00:00||2014-05-11T09:57:08+00:00||2014-05-11T09:55:26+00:00||2014-05-11T09:53:41+00:00||2014-05-11T09:50:16+00:00||2014-05-11T09:34:51+00:00||2014-05-11T09:21:51+00:00||2014-05-11T09:18:55+00:00||2014-05-11T09:17:30+00:00||2014-05-11T09:15:48+00:00||2014-05-11T09:15:13+00:00||2014-05-11T09:02:36+00:00||2014-05-11T09:02:24+00:00||2014-05-11T09:01:41+00:00||2014-05-11T09:00:26+00:00||2014-05-11T09:00:00+00:00||2014-05-11T08:59:08+00:00||2014-05-11T08:58:47+00:00||2014-05-11T08:57:12+00:00||2014-05-11T08:55:52+00:00||2014-05-11T08:52:30+00:00||2014-05-11T08:50:26+00:00||2014-05-11T08:38:21+00:00||2014-05-11T08:33:45+00:00||2014-05-11T08:31:58+00:00||2014-05-11T08:31:16+00:00||2014-05-11T08:29:43+00:00||2014-05-11T08:23:09+00:00||2014-05-11T08:12:13+00:00||2014-05-11T08:09:42+00:00||2014-05-11T08:09:28+00:00||2014-05-11T07:55:39+00:00||2014-05-11T07:55:00+00:00||2014-05-11T07:54:34+00:00||2014-05-11T07:52:55+00:00||2014-05-11T07:48:17+00:00||2014-05-11T07:47:56+00:00||2014-05-11T07:47:34+00:00||2014-05-11T07:42:33+00:00||2014-05-11T07:36:59+00:00||2014-05-11T07:35:34+00:00||2014-05-11T07:35:15+00:00||2014-05-11T07:35:11+00:00||2014-05-11T07:32:35+00:00||2014-05-11T07:30:42+00:00||2014-05-11T07:29:52+00:00||2014-05-11T07:19:21+00:00||2014-05-11T07:17:02+00:00||2014-05-11T07:15:59+00:00||2014-05-11T07:14:40+00:00||2014-05-11T07:13:28+00:00||2014-05-11T07:09:51+00:00||2014-05-11T07:09:21+00:00||2014-05-11T07:07:44+00:00||2014-05-11T06:50:21+00:00||2014-05-11T06:46:32+00:00||2014-05-11T01:43:51+00:00||2014-05-11T00:41:18+00:00||2014-05-11T00:00:00||2014-05-11T00:00:00||2014-05-11T00:00:00||2014-05-11T00:00:00||2014-05-11T00:00:00||2014-05-10T23:43:16+00:00||2014-05-10T23:30:00+00:00||2014-05-10T22:46:45+00:00||2014-05-10T22:23:26+00:00||2014-05-10T22:21:41+00:00||2014-05-10T22:13:59+00:00||2014-05-10T22:10:59+00:00||2014-05-10T22:06:43+00:00||2014-05-10T22:01:26+00:00||2014-05-10T21:54:13+00:00||2014-05-10T21:45:48+00:00||2014-05-10T21:37:01+00:00||2014-05-10T21:26:36+00:00||2014-05-10T21:26:28+00:00||2014-05-10T21:25:31+00:00||2014-05-10T20:55:54+00:00||2014-05-10T20:48:38+00:00||2014-05-10T20:47:54+00:00||2014-05-10T20:33:38+00:00||2014-05-10T20:29:09+00:00||2014-05-10T20:27:27+00:00||2014-05-10T20:25:48+00:00||2014-05-10T20:24:15+00:00||2014-05-10T20:21:09+00:00||2014-05-10T20:11:50+00:00||2014-05-10T20:05:01+00:00||2014-05-10T20:03:07+00:00||2014-05-10T20:00:15+00:00||2014-05-10T19:55:55+00:00||2014-05-10T19:55:29+00:00||2014-05-10T19:44:31+00:00||2014-05-10T19:39:05+00:00||2014-05-10T19:17:04+00:00||2014-05-10T19:08:45+00:00||2014-05-10T19:05:35+00:00||2014-05-10T18:53:48+00:00||2014-05-10T18:45:00+00:00||2014-05-10T18:39:44+00:00||2014-05-10T18:37:36+00:00||2014-05-10T17:55:51+00:00||2014-05-10T17:48:45+00:00||2014-05-10T17:19:19+00:00||2014-05-10T16:08:00+00:00||2014-05-10T16:06:48+00:00||2014-05-10T16:01:12+00:00||2014-05-10T16:00:46+00:00||2014-05-10T15:57:25+00:00||2014-05-10T15:44:28+00:00||2014-05-10T15:30:11+00:00||2014-05-10T15:28:56+00:00||2014-05-10T15:28:20+00:00||2014-05-10T15:21:57+00:00||2014-05-10T15:19:55+00:00||2014-05-10T15:13:39+00:00||2014-05-10T15:10:45+00:00||2014-05-10T15:07:21+00:00||2014-05-10T14:31:58+00:00||2014-05-10T14:22:04+00:00||2014-05-10T14:21:28+00:00||2014-05-10T14:21:07+00:00||2014-05-10T13:46:29+00:00||2014-05-10T13:46:23+00:00||2014-05-10T13:37:36+00:00||2014-05-10T13:23:45+00:00||2014-05-10T13:20:49+00:00||2014-05-10T13:20:25+00:00||2014-05-10T13:18:08+00:00||2014-05-10T13:12:58+00:00||2014-05-10T13:09:34+00:00||2014-05-10T12:50:06+00:00||2014-05-10T12:48:38+00:00||2014-05-10T12:47:34+00:00||2014-05-10T12:31:46+00:00||2014-05-10T12:31:04+00:00||2014-05-10T12:30:09+00:00||2014-05-10T12:07:07+00:00||2014-05-10T12:00:41+00:00||2014-05-10T11:58:25+00:00||2014-05-10T11:47:04+00:00||2014-05-10T11:29:39+00:00||2014-05-10T11:17:24+00:00||2014-05-10T11:11:51+00:00||2014-05-10T11:08:12+00:00||2014-05-10T11:06:20+00:00||2014-05-10T11:06:13+00:00||2014-05-10T10:52:51+00:00||2014-05-10T10:47:54+00:00||2014-05-10T10:47:10+00:00||2014-05-10T10:44:28+00:00||2014-05-10T10:42:43+00:00||2014-05-10T10:35:48+00:00||2014-05-10T10:27:32+00:00||2014-05-10T10:20:28+00:00||2014-05-10T10:13:04+00:00||2014-05-10T09:40:17+00:00||2014-05-10T09:24:35+00:00||2014-05-10T09:16:46+00:00||2014-05-10T09:03:33+00:00||2014-05-10T08:28:36+00:00||2014-05-10T08:28:29+00:00||2014-05-10T08:26:40+00:00||2014-05-10T08:22:34+00:00||2014-05-10T07:44:35+00:00||2014-05-10T07:42:16+00:00||2014-05-10T07:40:55+00:00||2014-05-10T07:20:21+00:00||2014-05-10T02:40:01+00:00||2014-05-10T02:31:01+00:00||2014-05-10T00:00:00||2014-05-10T00:00:00||2014-05-10T00:00:00||2014-05-10T00:00:00||2014-05-10T00:00:00||2014-05-09T23:54:30+00:00||2014-05-09T22:55:19+00:00||2014-05-09T22:36:22+00:00||2014-05-09T22:35:49+00:00||2014-05-09T22:31:06+00:00||2014-05-09T22:14:01+00:00||2014-05-09T22:13:37+00:00||2014-05-09T22:09:19+00:00||2014-05-09T21:57:30+00:00||2014-05-09T21:42:25+00:00||2014-05-09T21:35:05+00:00||2014-05-09T21:34:41+00:00||2014-05-09T21:31:52+00:00||2014-05-09T21:22:43+00:00||2014-05-09T21:22:37+00:00||2014-05-09T21:00:19+00:00||2014-05-09T20:53:35+00:00||2014-05-09T20:40:09+00:00||2014-05-09T20:39:54+00:00||2014-05-09T20:35:44+00:00||2014-05-09T20:30:59+00:00||2014-05-09T20:28:25+00:00||2014-05-09T20:23:38+00:00||2014-05-09T20:19:36+00:00||2014-05-09T19:59:41+00:00||2014-05-09T19:56:12+00:00||2014-05-09T19:51:51+00:00||2014-05-09T19:43:11+00:00||2014-05-09T19:39:17+00:00||2014-05-09T19:31:04+00:00||2014-05-09T19:20:37+00:00||2014-05-09T19:18:45+00:00||2014-05-09T19:11:59+00:00||2014-05-09T19:06:57+00:00||2014-05-09T18:52:27+00:00||2014-05-09T18:41:37+00:00||2014-05-09T18:10:30+00:00||2014-05-09T18:06:06+00:00||2014-05-09T18:02:19+00:00||2014-05-09T18:00:38+00:00||2014-05-09T17:43:09+00:00||2014-05-09T17:36:08+00:00||2014-05-09T17:32:30+00:00||2014-05-09T17:32:18+00:00||2014-05-09T17:30:50+00:00||2014-05-09T17:30:25+00:00||2014-05-09T17:29:28+00:00||2014-05-09T17:29:09+00:00||2014-05-09T17:08:07+00:00||2014-05-09T17:07:15+00:00||2014-05-09T17:06:47+00:00||2014-05-09T17:06:43+00:00||2014-05-09T17:00:37+00:00||2014-05-09T17:00:13+00:00||2014-05-09T16:58:12+00:00||2014-05-09T16:46:49+00:00||2014-05-09T16:46:43+00:00||2014-05-09T16:46:02+00:00||2014-05-09T16:44:38+00:00||2014-05-09T16:43:48+00:00||2014-05-09T16:43:02+00:00||2014-05-09T16:41:41+00:00||2014-05-09T16:41:15+00:00||2014-05-09T16:41:02+00:00||2014-05-09T16:40:19+00:00||2014-05-09T16:38:21+00:00||2014-05-09T16:36:58+00:00||2014-05-09T16:26:09+00:00||2014-05-09T16:13:31+00:00||2014-05-09T15:00:01+00:00||2014-05-09T14:56:13+00:00||2014-05-09T14:05:59+00:00||2014-05-09T13:43:44+00:00||2014-05-09T13:07:22+00:00||2014-05-09T12:36:36+00:00||2014-05-09T12:07:05+00:00||2014-05-09T11:45:44+00:00||2014-05-09T11:34:39+00:00||2014-05-09T11:15:25+00:00||2014-05-09T11:09:53+00:00||2014-05-09T11:00:01+00:00||2014-05-09T10:58:41+00:00||2014-05-09T10:57:32+00:00||2014-05-09T10:57:31+00:00||2014-05-09T10:57:06+00:00||2014-05-09T10:56:35+00:00||2014-05-09T10:55:08+00:00||2014-05-09T10:51:06+00:00||2014-05-09T10:40:51+00:00||2014-05-09T10:16:08+00:00||2014-05-09T10:15:07+00:00||2014-05-09T10:13:34+00:00||2014-05-09T09:51:09+00:00||2014-05-09T09:41:53+00:00||2014-05-09T09:35:46+00:00||2014-05-09T09:35:21+00:00||2014-05-09T09:33:19+00:00||2014-05-09T09:33:10+00:00||2014-05-09T09:02:55+00:00||2014-05-09T08:54:12+00:00||2014-05-09T08:47:53+00:00||2014-05-09T08:19:09+00:00||2014-05-09T08:11:42+00:00||2014-05-09T00:00:00||2014-05-08T23:20:00+00:00||2014-05-08T22:34:38+00:00||2014-05-08T22:11:27+00:00||2014-05-08T21:48:52+00:00||2014-05-08T21:37:21+00:00||2014-05-08T21:20:28+00:00||2014-05-08T21:15:38+00:00||2014-05-08T20:51:51+00:00||2014-05-08T20:51:22+00:00||2014-05-08T20:51:12+00:00||2014-05-08T20:29:01+00:00||2014-05-08T20:28:36+00:00||2014-05-08T20:07:47+00:00||2014-05-08T19:59:41+00:00||2014-05-08T19:29:30+00:00||2014-05-08T19:20:56+00:00||2014-05-08T19:18:34+00:00||2014-05-08T19:17:29+00:00||2014-05-08T19:12:53+00:00||2014-05-08T18:25:50+00:00||2014-05-08T18:16:58+00:00||2014-05-08T18:08:55+00:00||2014-05-08T18:06:31+00:00||2014-05-08T16:55:12+00:00||2014-05-08T16:40:02+00:00||2014-05-08T15:58:37+00:00||2014-05-08T14:55:26+00:00||2014-05-08T14:27:27+00:00||2014-05-08T14:17:22+00:00||2014-05-08T14:14:58+00:00||2014-05-08T11:40:27+00:00||2014-05-08T11:38:54+00:00||2014-05-08T10:37:20+00:00||2014-05-08T10:35:30+00:00||2014-05-08T10:34:05+00:00||2014-05-08T10:32:31+00:00||2014-05-08T09:35:19+00:00||2014-05-08T09:33:34+00:00||2014-05-08T09:18:45+00:00||2014-05-08T08:56:21+00:00||2014-05-08T08:28:33+00:00||2014-05-08T08:22:50+00:00||2014-05-08T08:18:36+00:00||2014-05-08T06:54:34+00:00||2014-05-08T06:08:21+00:00||2014-05-08T05:48:31+00:00||2014-05-08T05:16:08+00:00||2014-05-08T03:58:30+00:00||2014-05-08T03:58:23+00:00||2014-05-08T02:16:56+00:00||2014-05-08T00:00:00||2014-05-08T00:00:00||2014-05-08T00:00:00||2014-05-07T22:03:11+00:00||2014-05-07T21:11:40+00:00||2014-05-07T20:04:35+00:00||2014-05-07T19:58:48+00:00||2014-05-07T19:47:48+00:00||2014-05-07T18:45:00+00:00||2014-05-07T18:44:39+00:00||2014-05-07T18:33:37+00:00||2014-05-07T17:22:37+00:00||2014-05-07T17:20:15+00:00||2014-05-07T17:08:42+00:00||2014-05-07T16:41:59+00:00||2014-05-07T15:52:02+00:00||2014-05-07T15:51:24+00:00||2014-05-07T15:50:41+00:00||2014-05-07T15:50:29+00:00||2014-05-07T15:49:13+00:00||2014-05-07T15:49:02+00:00||2014-05-07T15:47:32+00:00||2014-05-07T15:47:07+00:00
SY030104,Maliha,221,2014-05-12T04:04:19+00:00||2014-05-12T03:41:08+00:00||2014-05-12T01:04:07+00:00||2014-05-12T00:52:27+00:00||2014-05-11T23:10:23+00:00||2014-05-11T22:39:25+00:00||2014-05-11T22:28:16+00:00||2014-05-11T22:25:00+00:00||2014-05-11T22:23:11+00:00||2014-05-11T22:17:52+00:00||2014-05-11T21:40:02+00:00||2014-05-11T20:48:09+00:00||2014-05-11T20:15:51+00:00||2014-05-11T20:06:04+00:00||2014-05-11T19:40:47+00:00||2014-05-11T19:40:13+00:00||2014-05-11T19:38:44+00:00||2014-05-11T19:30:30+00:00||2014-05-11T19:23:27+00:00||2014-05-11T19:16:25+00:00||2014-05-11T19:13:47+00:00||2014-05-11T19:12:37+00:00||2014-05-11T19:11:25+00:00||2014-05-11T19:00:05+00:00||2014-05-11T18:56:37+00:00||2014-05-11T18:53:35+00:00||2014-05-11T18:51:22+00:00||2014-05-11T18:47:22+00:00||2014-05-11T18:46:33+00:00||2014-05-11T18:46:27+00:00||2014-05-11T18:17:50+00:00||2014-05-11T18:16:51+00:00||2014-05-11T17:51:32+00:00||2014-05-11T17:10:41+00:00||2014-05-11T17:04:56+00:00||2014-05-11T16:35:26+00:00||2014-05-11T15:32:14+00:00||2014-05-11T14:51:12+00:00||2014-05-11T14:12:21+00:00||2014-05-11T13:45:29+00:00||2014-05-11T13:39:42+00:00||2014-05-11T13:36:39+00:00||2014-05-11T12:21:30+00:00||2014-05-11T12:21:28+00:00||2014-05-11T10:55:39+00:00||2014-05-11T10:31:11+00:00||2014-05-11T09:50:22+00:00||2014-05-11T09:20:38+00:00||2014-05-11T09:20:11+00:00||2014-05-11T09:15:13+00:00||2014-05-11T08:30:05+00:00||2014-05-11T08:29:18+00:00||2014-05-11T07:40:10+00:00||2014-05-11T07:38:36+00:00||2014-05-11T07:30:04+00:00||2014-05-11T07:17:26+00:00||2014-05-11T07:10:36+00:00||2014-05-11T07:05:26+00:00||2014-05-11T07:05:13+00:00||2014-05-11T07:05:13+00:00||2014-05-11T07:04:52+00:00||2014-05-11T06:59:56+00:00||2014-05-11T06:56:33+00:00||2014-05-11T06:52:08+00:00||2014-05-11T06:51:53+00:00||2014-05-11T06:48:00+00:00||2014-05-11T06:47:24+00:00||2014-05-11T06:40:25+00:00||2014-05-11T06:40:06+00:00||2014-05-11T06:39:50+00:00||2014-05-11T06:31:18+00:00||2014-05-11T06:26:07+00:00||2014-05-11T06:23:52+00:00||2014-05-11T06:10:53+00:00||2014-05-11T06:03:27+00:00||2014-05-11T05:00:00+00:00||2014-05-11T03:25:36+00:00||2014-05-11T02:03:59+00:00||2014-05-10T21:59:12+00:00||2014-05-10T21:40:25+00:00||2014-05-10T20:43:07+00:00||2014-05-10T20:19:52+00:00||2014-05-10T19:52:20+00:00||2014-05-10T19:43:25+00:00||2014-05-10T18:54:09+00:00||2014-05-10T18:32:54+00:00||2014-05-10T18:03:31+00:00||2014-05-10T17:51:40+00:00||2014-05-10T17:21:31+00:00||2014-05-10T16:09:56+00:00||2014-05-10T15:51:04+00:00||2014-05-10T15:15:35+00:00||2014-05-10T14:59:23+00:00||2014-05-10T14:30:16+00:00||2014-05-10T14:29:30+00:00||2014-05-10T13:30:40+00:00||2014-05-10T13:24:48+00:00||2014-05-10T13:21:22+00:00||2014-05-10T13:16:35+00:00||2014-05-10T13:14:09+00:00||2014-05-10T12:51:47+00:00||2014-05-10T12:07:47+00:00||2014-05-10T11:05:11+00:00||2014-05-10T11:03:09+00:00||2014-05-10T10:41:56+00:00||2014-05-10T09:29:54+00:00||2014-05-10T08:20:07+00:00||2014-05-10T06:21:26+00:00||2014-05-10T01:43:23+00:00||2014-05-10T01:07:48+00:00||2014-05-09T23:27:22+00:00||2014-05-09T22:11:41+00:00||2014-05-09T21:33:34+00:00||2014-05-09T21:22:35+00:00||2014-05-09T20:26:55+00:00||2014-05-09T20:16:02+00:00||2014-05-09T20:10:19+00:00||2014-05-09T20:00:41+00:00||2014-05-09T19:48:24+00:00||2014-05-09T19:38:54+00:00||2014-05-09T18:59:52+00:00||2014-05-09T18:52:30+00:00||2014-05-09T18:40:19+00:00||2014-05-09T18:33:11+00:00||2014-05-09T16:03:30+00:00||2014-05-09T15:12:58+00:00||2014-05-09T14:02:17+00:00||2014-05-09T12:52:01+00:00||2014-05-09T00:59:47+00:00||2014-05-08T19:26:36+00:00||2014-05-08T18:51:33+00:00||2014-05-08T17:41:29+00:00||2014-05-08T15:42:13+00:00||2014-05-07T18:52:04+00:00||2014-05-07T17:25:12+00:00||2014-05-07T16:02:34+00:00||2014-05-07T13:56:05+00:00||2014-05-07T08:35:13+00:00||2014-05-06T18:17:58+00:00||2014-05-06T12:26:07+00:00||2014-05-06T12:14:09+00:00||2014-05-06T12:09:46+00:00||2014-05-06T11:36:11+00:00||2014-05-05T14:46:30+00:00||2014-05-04T13:18:23+00:00||2014-05-03T18:22:39+00:00||2014-05-03T16:54:56+00:00||2014-05-03T15:13:49+00:00||2014-05-03T14:57:16+00:00||2014-05-03T10:36:54+00:00||2014-05-02T20:00:00||2014-05-02T08:48:00||2014-05-01T21:35:32+00:00||2014-05-01T20:16:00||2014-05-01T16:57:00||2014-05-01T16:45:19+00:00||2014-05-01T14:48:25+00:00||2014-05-01T13:46:12+00:00||2014-04-30T20:14:00||2014-04-30T11:49:00||2014-04-30T09:46:45+00:00||2014-04-30T04:37:05+00:00||2014-04-29T19:53:00||2014-04-28T20:02:00||2014-04-27T20:06:00||2014-04-25T19:51:00||2014-04-25T09:53:00||2014-04-24T19:49:00||2014-04-24T09:57:35+00:00||2014-04-23T22:48:51+00:00||2014-04-23T07:48:11+00:00||2014-04-22T20:02:00||2014-04-22T12:51:39+00:00||2014-04-22T07:32:00||2014-04-21T20:03:00||2014-04-21T16:59:00||2014-04-21T09:57:00||2014-04-20T20:03:00||2014-04-20T09:39:39+00:00||2014-04-19T19:55:00||2014-04-19T18:53:37+00:00||2014-04-19T11:54:16+00:00||2014-04-19T09:04:00||2014-04-18T19:53:00||2014-04-17T19:54:00||2014-04-17T16:39:32+00:00||2014-04-17T09:43:19+00:00||2014-04-16T20:03:00||2014-04-15T18:53:01+00:00||2014-04-15T09:11:00||2014-04-14T20:04:00||2014-04-14T07:51:58+00:00||2014-04-13T21:41:04+00:00||2014-04-13T19:52:00||2014-04-12T19:47:00||2014-04-12T10:54:29+00:00||2014-04-11T20:18:00||2014-04-10T19:51:00||2014-04-10T15:32:39+00:00||2014-04-08T23:54:29+00:00||2014-04-08T20:10:00||2014-04-08T14:53:24+00:00||2014-04-07T19:49:00||2014-04-06T20:29:00||2014-04-06T15:50:02+00:00||2014-04-06T12:26:15+00:00||2014-04-06T11:07:04+00:00||2014-04-05T19:51:00||2014-04-05T15:10:00||2014-04-05T12:16:00||2014-04-04T18:27:00||2014-04-04T18:08:00||2014-04-04T15:30:50+00:00||2014-04-04T11:25:00||2014-04-03T18:26:39+00:00||2014-04-03T14:38:00||2014-04-03T09:36:00||2014-04-03T09:30:00||2014-04-03T08:36:10+00:00||2014-04-03T07:08:00||2014-04-02T19:26:30+00:00
SY010000,Damascus,1324,2014-05-12T06:17:29+00:00||2014-05-12T05:59:05+00:00||2014-05-12T05:58:35+00:00||2014-05-12T05:57:24+00:00||2014-05-12T05:54:51+00:00||2014-05-12T04:25:14+00:00||2014-05-12T04:04:19+00:00||2014-05-12T04:03:12+00:00||2014-05-12T04:02:50+00:00||2014-05-12T04:00:16+00:00||2014-05-12T04:00:00+00:00||2014-05-12T03:41:08+00:00||2014-05-12T03:25:18+00:00||2014-05-12T03:05:04+00:00||2014-05-12T01:55:34+00:00||2014-05-12T01:53:45+00:00||2014-05-12T01:47:42+00:00||2014-05-12T01:43:28+00:00||2014-05-12T01:40:36+00:00||2014-05-12T01:31:09+00:00||2014-05-12T01:30:00+00:00||2014-05-12T01:20:34+00:00||2014-05-12T01:15:57+00:00||2014-05-12T01:04:07+00:00||2014-05-12T01:00:00+00:00||2014-05-12T00:58:29+00:00||2014-05-12T00:52:27+00:00||2014-05-12T00:41:30+00:00||2014-05-12T00:33:19+00:00||2014-05-12T00:16:53+00:00||2014-05-12T00:16:13+00:00||2014-05-12T00:13:08+00:00||2014-05-12T00:11:38+00:00||2014-05-12T00:06:09+00:00||2014-05-12T00:04:49+00:00||2014-05-12T00:02:04+00:00||2014-05-11T23:57:31+00:00||2014-05-11T23:36:10+00:00||2014-05-11T23:34:23+00:00||2014-05-11T23:31:32+00:00||2014-05-11T23:22:03+00:00||2014-05-11T23:16:44+00:00||2014-05-11T23:12:51+00:00||2014-05-11T23:10:23+00:00||2014-05-11T23:09:42+00:00||2014-05-11T23:07:57+00:00||2014-05-11T23:04:52+00:00||2014-05-11T22:58:51+00:00||2014-05-11T22:58:13+00:00||2014-05-11T22:57:52+00:00||2014-05-11T22:57:50+00:00||2014-05-11T22:57:16+00:00||2014-05-11T22:48:40+00:00||2014-05-11T22:36:53+00:00||2014-05-11T22:33:09+00:00||2014-05-11T22:31:05+00:00||2014-05-11T22:28:16+00:00||2014-05-11T22:27:15+00:00||2014-05-11T22:26:26+00:00||2014-05-11T22:26:21+00:00||2014-05-11T22:25:00+00:00||2014-05-11T22:25:00+00:00||2014-05-11T22:23:11+00:00||2014-05-11T22:22:29+00:00||2014-05-11T22:20:28+00:00||2014-05-11T22:18:36+00:00||2014-05-11T22:17:52+00:00||2014-05-11T22:14:38+00:00||2014-05-11T22:13:42+00:00||2014-05-11T22:12:29+00:00||2014-05-11T22:09:48+00:00||2014-05-11T22:07:58+00:00||2014-05-11T22:06:46+00:00||2014-05-11T22:05:08+00:00||2014-05-11T22:03:58+00:00||2014-05-11T22:02:33+00:00||2014-05-11T22:00:00+00:00||2014-05-11T22:00:00+00:00||2014-05-11T21:48:53+00:00||2014-05-11T21:40:41+00:00||2014-05-11T21:38:10+00:00||2014-05-11T21:32:00+00:00||2014-05-11T21:30:40+00:00||2014-05-11T21:29:36+00:00||2014-05-11T21:28:08+00:00||2014-05-11T21:16:58+00:00||2014-05-11T21:16:39+00:00||2014-05-11T21:11:21+00:00||2014-05-11T21:05:43+00:00||2014-05-11T20:58:23+00:00||2014-05-11T20:56:18+00:00||2014-05-11T20:50:00+00:00||2014-05-11T20:47:06+00:00||2014-05-11T20:44:46+00:00||2014-05-11T20:40:00+00:00||2014-05-11T20:29:03+00:00||2014-05-11T20:24:46+00:00||2014-05-11T20:20:08+00:00||2014-05-11T20:20:00+00:00||2014-05-11T20:17:24+00:00||2014-05-11T20:17:10+00:00||2014-05-11T20:15:21+00:00||2014-05-11T20:14:40+00:00||2014-05-11T20:10:10+00:00||2014-05-11T20:06:04+00:00||2014-05-11T20:05:37+00:00||2014-05-11T20:03:30+00:00||2014-05-11T20:03:30+00:00||2014-05-11T20:00:01+00:00||2014-05-11T19:56:30+00:00||2014-05-11T19:55:05+00:00||2014-05-11T19:54:10+00:00||2014-05-11T19:44:05+00:00||2014-05-11T19:42:47+00:00||2014-05-11T19:40:13+00:00||2014-05-11T19:40:00+00:00||2014-05-11T19:39:43+00:00||2014-05-11T19:36:16+00:00||2014-05-11T19:30:43+00:00||2014-05-11T19:30:00+00:00||2014-05-11T19:29:16+00:00||2014-05-11T19:26:42+00:00||2014-05-11T19:25:28+00:00||2014-05-11T19:24:03+00:00||2014-05-11T19:20:34+00:00||2014-05-11T19:20:01+00:00||2014-05-11T19:19:48+00:00||2014-05-11T19:18:09+00:00||2014-05-11T19:16:09+00:00||2014-05-11T19:14:58+00:00||2014-05-11T19:13:47+00:00||2014-05-11T19:08:35+00:00||2014-05-11T19:00:54+00:00||2014-05-11T19:00:02+00:00||2014-05-11T18:56:49+00:00||2014-05-11T18:50:41+00:00||2014-05-11T18:49:26+00:00||2014-05-11T18:48:56+00:00||2014-05-11T18:47:50+00:00||2014-05-11T18:47:26+00:00||2014-05-11T18:46:47+00:00||2014-05-11T18:46:32+00:00||2014-05-11T18:43:46+00:00||2014-05-11T18:41:42+00:00||2014-05-11T18:40:00+00:00||2014-05-11T18:36:44+00:00||2014-05-11T18:35:59+00:00||2014-05-11T18:33:36+00:00||2014-05-11T18:30:42+00:00||2014-05-11T18:30:01+00:00||2014-05-11T18:30:00+00:00||2014-05-11T18:25:50+00:00||2014-05-11T18:24:58+00:00||2014-05-11T18:24:02+00:00||2014-05-11T18:20:00+00:00||2014-05-11T18:14:15+00:00||2014-05-11T18:13:10+00:00||2014-05-11T18:10:51+00:00||2014-05-11T18:10:25+00:00||2014-05-11T18:08:19+00:00||2014-05-11T18:07:55+00:00||2014-05-11T18:07:06+00:00||2014-05-11T18:05:40+00:00||2014-05-11T18:05:25+00:00||2014-05-11T18:02:48+00:00||2014-05-11T18:00:01+00:00||2014-05-11T17:58:07+00:00||2014-05-11T17:52:09+00:00||2014-05-11T17:40:03+00:00||2014-05-11T17:40:00+00:00||2014-05-11T17:31:18+00:00||2014-05-11T17:26:59+00:00||2014-05-11T17:20:00+00:00||2014-05-11T17:11:56+00:00||2014-05-11T17:04:56+00:00||2014-05-11T17:00:00+00:00||2014-05-11T16:53:40+00:00||2014-05-11T16:53:04+00:00||2014-05-11T16:45:48+00:00||2014-05-11T16:40:01+00:00||2014-05-11T16:39:42+00:00||2014-05-11T16:35:30+00:00||2014-05-11T16:35:26+00:00||2014-05-11T16:32:39+00:00||2014-05-11T16:30:00+00:00||2014-05-11T16:20:14+00:00||2014-05-11T16:20:00+00:00||2014-05-11T16:05:55+00:00||2014-05-11T16:05:26+00:00||2014-05-11T16:05:19+00:00||2014-05-11T16:02:37+00:00||2014-05-11T16:00:00+00:00||2014-05-11T15:59:54+00:00||2014-05-11T15:44:57+00:00||2014-05-11T15:33:50+00:00||2014-05-11T15:32:14+00:00||2014-05-11T15:31:55+00:00||2014-05-11T15:16:11+00:00||2014-05-11T15:16:04+00:00||2014-05-11T15:15:23+00:00||2014-05-11T15:13:15+00:00||2014-05-11T14:55:18+00:00||2014-05-11T14:55:03+00:00||2014-05-11T14:51:25+00:00||2014-05-11T14:49:35+00:00||2014-05-11T14:49:12+00:00||2014-05-11T14:43:00+00:00||2014-05-11T14:42:36+00:00||2014-05-11T14:35:19+00:00||2014-05-11T14:30:14+00:00||2014-05-11T14:23:06+00:00||2014-05-11T14:20:22+00:00||2014-05-11T14:19:39+00:00||2014-05-11T14:18:05+00:00||2014-05-11T14:14:39+00:00||2014-05-11T14:13:42+00:00||2014-05-11T14:12:21+00:00||2014-05-11T14:08:55+00:00||2014-05-11T14:07:34+00:00||2014-05-11T14:01:58+00:00||2014-05-11T14:01:11+00:00||2014-05-11T13:40:04+00:00||2014-05-11T13:39:42+00:00||2014-05-11T13:36:39+00:00||2014-05-11T13:36:27+00:00||2014-05-11T13:18:34+00:00||2014-05-11T13:13:06+00:00||2014-05-11T12:39:36+00:00||2014-05-11T12:21:30+00:00||2014-05-11T12:21:26+00:00||2014-05-11T12:09:52+00:00||2014-05-11T11:16:11+00:00||2014-05-11T11:14:54+00:00||2014-05-11T10:52:21+00:00||2014-05-11T10:46:14+00:00||2014-05-11T10:46:09+00:00||2014-05-11T10:16:47+00:00||2014-05-11T10:16:02+00:00||2014-05-11T10:14:24+00:00||2014-05-11T10:14:14+00:00||2014-05-11T10:08:02+00:00||2014-05-11T09:58:34+00:00||2014-05-11T09:57:53+00:00||2014-05-11T09:50:28+00:00||2014-05-11T09:40:50+00:00||2014-05-11T09:29:09+00:00||2014-05-11T09:25:09+00:00||2014-05-11T09:24:54+00:00||2014-05-11T09:24:43+00:00||2014-05-11T09:23:59+00:00||2014-05-11T09:20:38+00:00||2014-05-11T09:20:11+00:00||2014-05-11T09:20:00+00:00||2014-05-11T09:15:13+00:00||2014-05-11T09:13:28+00:00||2014-05-11T09:10:36+00:00||2014-05-11T09:03:13+00:00||2014-05-11T09:00:15+00:00||2014-05-11T09:00:01+00:00||2014-05-11T08:57:47+00:00||2014-05-11T08:53:05+00:00||2014-05-11T08:52:50+00:00||2014-05-11T08:52:39+00:00||2014-05-11T08:50:00+00:00||2014-05-11T08:48:46+00:00||2014-05-11T08:48:42+00:00||2014-05-11T08:44:31+00:00||2014-05-11T08:44:05+00:00||2014-05-11T08:44:03+00:00||2014-05-11T08:39:28+00:00||2014-05-11T08:39:05+00:00||2014-05-11T08:35:56+00:00||2014-05-11T08:35:53+00:00||2014-05-11T08:35:08+00:00||2014-05-11T08:30:00+00:00||2014-05-11T08:29:05+00:00||2014-05-11T08:23:23+00:00||2014-05-11T08:08:52+00:00||2014-05-11T08:06:25+00:00||2014-05-11T08:00:18+00:00||2014-05-11T08:00:01+00:00||2014-05-11T08:00:00+00:00||2014-05-11T07:56:31+00:00||2014-05-11T07:55:00+00:00||2014-05-11T07:50:41+00:00||2014-05-11T07:43:25+00:00||2014-05-11T07:41:58+00:00||2014-05-11T07:40:46+00:00||2014-05-11T07:40:10+00:00||2014-05-11T07:38:36+00:00||2014-05-11T07:30:00+00:00||2014-05-11T07:18:47+00:00||2014-05-11T07:17:26+00:00||2014-05-11T07:13:56+00:00||2014-05-11T07:10:36+00:00||2014-05-11T07:10:00+00:00||2014-05-11T07:05:26+00:00||2014-05-11T07:05:13+00:00||2014-05-11T07:05:13+00:00||2014-05-11T07:05:13+00:00||2014-05-11T07:04:52+00:00||2014-05-11T06:59:56+00:00||2014-05-11T06:56:33+00:00||2014-05-11T06:56:11+00:00||2014-05-11T06:55:00+00:00||2014-05-11T06:52:08+00:00||2014-05-11T06:51:53+00:00||2014-05-11T06:48:42+00:00||2014-05-11T06:48:00+00:00||2014-05-11T06:47:24+00:00||2014-05-11T06:40:25+00:00||2014-05-11T06:40:06+00:00||2014-05-11T06:39:50+00:00||2014-05-11T06:35:00+00:00||2014-05-11T06:15:50+00:00||2014-05-11T06:00:01+00:00||2014-05-11T06:00:00+00:00||2014-05-11T05:58:41+00:00||2014-05-11T05:43:46+00:00||2014-05-11T05:39:36+00:00||2014-05-11T05:32:58+00:00||2014-05-11T05:24:53+00:00||2014-05-11T05:21:57+00:00||2014-05-11T05:15:00+00:00||2014-05-11T05:00:00+00:00||2014-05-11T04:00:00+00:00||2014-05-11T03:22:34+00:00||2014-05-11T02:58:42+00:00||2014-05-11T02:57:01+00:00||2014-05-11T02:56:04+00:00||2014-05-11T02:43:09+00:00||2014-05-11T02:20:47+00:00||2014-05-11T02:03:59+00:00||2014-05-11T01:30:00+00:00||2014-05-11T01:00:01+00:00||2014-05-11T00:57:49+00:00||2014-05-11T00:41:18+00:00||2014-05-11T00:00:00+00:00||2014-05-11T00:00:00||2014-05-11T00:00:00||2014-05-11T00:00:00||2014-05-11T00:00:00||2014-05-11T00:00:00||2014-05-11T00:00:00||2014-05-11T00:00:00||2014-05-10T23:43:16+00:00||2014-05-10T23:30:01+00:00||2014-05-10T23:30:00+00:00||2014-05-10T23:03:57+00:00||2014-05-10T23:00:01+00:00||2014-05-10T23:00:00+00:00||2014-05-10T22:48:02+00:00||2014-05-10T22:31:18+00:00||2014-05-10T22:31:18+00:00||2014-05-10T22:30:00+00:00||2014-05-10T22:13:59+00:00||2014-05-10T22:10:59+00:00||2014-05-10T22:06:43+00:00||2014-05-10T22:01:26+00:00||2014-05-10T22:01:02+00:00||2014-05-10T22:00:00+00:00||2014-05-10T21:54:13+00:00||2014-05-10T21:45:00+00:00||2014-05-10T21:44:05+00:00||2014-05-10T21:40:25+00:00||2014-05-10T21:38:22+00:00||2014-05-10T21:38:20+00:00||2014-05-10T21:37:01+00:00||2014-05-10T21:36:04+00:00||2014-05-10T21:34:10+00:00||2014-05-10T21:30:00+00:00||2014-05-10T21:21:04+00:00||2014-05-10T21:00:00+00:00||2014-05-10T20:57:34+00:00||2014-05-10T20:56:38+00:00||2014-05-10T20:48:13+00:00||2014-05-10T20:47:54+00:00||2014-05-10T20:44:55+00:00||2014-05-10T20:41:39+00:00||2014-05-10T20:40:35+00:00||2014-05-10T20:37:58+00:00||2014-05-10T20:36:14+00:00||2014-05-10T20:32:35+00:00||2014-05-10T20:24:49+00:00||2014-05-10T20:23:00+00:00||2014-05-10T20:19:52+00:00||2014-05-10T20:16:53+00:00||2014-05-10T20:15:27+00:00||2014-05-10T20:12:13+00:00||2014-05-10T20:06:52+00:00||2014-05-10T20:05:23+00:00||2014-05-10T20:05:01+00:00||2014-05-10T20:01:52+00:00||2014-05-10T19:58:24+00:00||2014-05-10T19:57:34+00:00||2014-05-10T19:56:42+00:00||2014-05-10T19:56:03+00:00||2014-05-10T19:55:08+00:00||2014-05-10T19:53:19+00:00||2014-05-10T19:52:27+00:00||2014-05-10T19:52:20+00:00||2014-05-10T19:46:04+00:00||2014-05-10T19:43:25+00:00||2014-05-10T19:40:24+00:00||2014-05-10T19:26:03+00:00||2014-05-10T19:18:53+00:00||2014-05-10T19:10:01+00:00||2014-05-10T18:55:55+00:00||2014-05-10T18:37:12+00:00||2014-05-10T18:33:56+00:00||2014-05-10T18:28:23+00:00||2014-05-10T18:17:55+00:00||2014-05-10T18:17:45+00:00||2014-05-10T18:13:21+00:00||2014-05-10T18:10:38+00:00||2014-05-10T18:04:44+00:00||2014-05-10T17:54:46+00:00||2014-05-10T17:47:55+00:00||2014-05-10T17:33:38+00:00||2014-05-10T17:29:47+00:00||2014-05-10T17:23:12+00:00||2014-05-10T17:03:18+00:00||2014-05-10T16:57:51+00:00||2014-05-10T16:57:23+00:00||2014-05-10T16:45:59+00:00||2014-05-10T16:44:29+00:00||2014-05-10T16:43:02+00:00||2014-05-10T16:36:30+00:00||2014-05-10T16:34:46+00:00||2014-05-10T16:03:03+00:00||2014-05-10T16:00:16+00:00||2014-05-10T15:30:40+00:00||2014-05-10T15:15:08+00:00||2014-05-10T15:14:38+00:00||2014-05-10T15:13:42+00:00||2014-05-10T15:13:20+00:00||2014-05-10T15:11:01+00:00||2014-05-10T15:10:51+00:00||2014-05-10T15:10:28+00:00||2014-05-10T15:07:05+00:00||2014-05-10T14:59:33+00:00||2014-05-10T14:59:23+00:00||2014-05-10T14:58:25+00:00||2014-05-10T14:57:38+00:00||2014-05-10T14:57:25+00:00||2014-05-10T14:55:26+00:00||2014-05-10T14:52:07+00:00||2014-05-10T14:48:40+00:00||2014-05-10T14:44:16+00:00||2014-05-10T14:31:48+00:00||2014-05-10T14:29:30+00:00||2014-05-10T14:26:20+00:00||2014-05-10T14:26:11+00:00||2014-05-10T14:23:38+00:00||2014-05-10T14:22:04+00:00||2014-05-10T14:10:47+00:00||2014-05-10T13:48:44+00:00||2014-05-10T13:40:55+00:00||2014-05-10T13:30:40+00:00||2014-05-10T13:22:00+00:00||2014-05-10T13:16:49+00:00||2014-05-10T13:12:16+00:00||2014-05-10T13:03:12+00:00||2014-05-10T12:54:03+00:00||2014-05-10T12:34:20+00:00||2014-05-10T12:33:17+00:00||2014-05-10T12:20:02+00:00||2014-05-10T12:08:32+00:00||2014-05-10T12:08:09+00:00||2014-05-10T12:07:47+00:00||2014-05-10T12:01:07+00:00||2014-05-10T11:50:06+00:00||2014-05-10T11:30:47+00:00||2014-05-10T11:18:24+00:00||2014-05-10T11:15:10+00:00||2014-05-10T11:12:12+00:00||2014-05-10T11:10:43+00:00||2014-05-10T11:05:11+00:00||2014-05-10T10:42:01+00:00||2014-05-10T10:41:56+00:00||2014-05-10T10:28:51+00:00||2014-05-10T10:24:24+00:00||2014-05-10T10:18:20+00:00||2014-05-10T09:48:56+00:00||2014-05-10T09:47:04+00:00||2014-05-10T09:26:49+00:00||2014-05-10T09:26:23+00:00||2014-05-10T09:18:57+00:00||2014-05-10T09:18:47+00:00||2014-05-10T09:15:28+00:00||2014-05-10T09:09:11+00:00||2014-05-10T09:07:41+00:00||2014-05-10T09:07:27+00:00||2014-05-10T09:00:01+00:00||2014-05-10T08:20:07+00:00||2014-05-10T08:18:51+00:00||2014-05-10T08:18:07+00:00||2014-05-10T07:10:00||2014-05-10T06:40:11+00:00||2014-05-10T05:30:00
